,Unnamed: 0,size,isEmpty,peek_obj_type,size_p,isEmpty_p,peek_obj_type_p,Matched_LHS,RuleMatched_LHS,Matched,RuleMatched,Violated,RuleViolated,bug
0,0,"size == ""0.0""","isEmpty == ""true""","peek_obj_type == ""emptyobject""","size_p == ""0""","isEmpty_p == ""True""","peek_obj_type_p == ""class java.lang.String""",0,,336,"['0', '1', '16', '17', '18', '19', '20', '21', '22', '23', '24', '25', '26', '27', '28', '29', '32', '36', '37', '40', '41', '47', '48', '49', '50', '51', '52', '55', '56', '70', '71', '72', '73', '74', '75', '78', '79', '80', '81', '82', '85', '86', '87', '88', '89', '90', '91', '92', '93', '94', '98', '99', '100', '101', '102', '103', '104', '105', '108', '109', '113', '115', '116', '117', '118', '119', '120', '121', '122', '123', '124', '125', '126', '127', '128', '129', '130', '131', '132', '133', '136', '137', '138', '139', '140', '141', '142', '143', '144', '145', '146', '147', '148', '149', '150', '151', '152', '158', '159', '161', '162', '163', '164', '165', '166', '167', '168', '176', '177', '178', '179', '180', '181', '182', '183', '184', '185', '186', '187', '188', '189', '190', '191', '192', '193', '194', '195', '203', '204', '207', '208', '209', '210', '211', '212', '213', '214', '215', '216', '217', '218', '219', '220', '221', '222', '223', '224', '225', '226', '227', '228', '229', '230', '231', '232', '233', '234', '235', '236', '237', '238', '239', '240', '241', '242', '243', '244', '245', '246', '247', '248', '249', '250', '251', '252', '253', '254', '255', '256', '257', '258', '259', '260', '261', '262', '263', '264', '265', '266', '267', '268', '269', '270', '271', '272', '273', '274', '275', '276', '277', '278', '279', '280', '281', '282', '283', '284', '285', '286', '287', '288', '289', '290', '291', '292', '293', '294', '295', '296', '297', '298', '299', '305', '306', '317', '318', '319', '320', '321', '322', '324', '325', '326', '327', '328', '329', '330', '331', '332', '333', '334', '335', '336', '337', '338', '339', '346', '347', '348', '353', '354', '355', '356', '357', '358', '359', '360', '361', '362', '363', '364', '365', '366', '369', '370', '371', '372', '373', '374', '375', '376', '377', '379', '380', '381', '382', '383', '384', '385', '386', '387', '388', '389', '390', '391', '398', '399', '400', '401', '402', '403', '404', '405', '406', '407', '408', '409', '410', '411', '412', '413', '414', '415', '416', '435', '436', '437', '438', '439', '440', '441', '442', '443', '444', '445', '446', '447', '448', '449', '450', '451', '452', '455', '456', '457', '458', '459', '460', '461', '462', '463', '464', '465', '466', '467', '468']",0,,
1,1,"size == ""1.0""","isEmpty == ""false""","peek_obj_type == ""class java.lang.float""","size_p == ""0""","isEmpty_p == ""True""","peek_obj_type_p == ""class java.lang.String""",0,,87,"['8', '9', '10', '11', '12', '13', '14', '15', '33', '34', '35', '38', '39', '42', '43', '44', '45', '46', '53', '54', '57', '58', '59', '60', '62', '63', '64', '65', '66', '67', '68', '69', '76', '77', '96', '97', '111', '112', '134', '135', '174', '175', '190', '191', '202', '205', '206', '258', '259', '307', '308', '309', '310', '311', '312', '313', '314', '315', '316', '336', '337', '367', '368', '392', '393', '394', '395', '396', '397', '420', '421', '422', '423', '424', '425', '426', '427', '428', '429', '447', '448', '449', '450', '451', '452', '453', '454']",0,,
2,2,"size == ""0.0""","isEmpty == ""true""","peek_obj_type == ""emptyobject""","size_p == ""1""","isEmpty_p == ""False""","peek_obj_type_p == ""class java.lang.Float""",0,,68,"['2', '3', '4', '5', '6', '7', '30', '31', '40', '41', '61', '83', '84', '95', '106', '107', '108', '109', '110', '125', '126', '127', '128', '129', '130', '153', '154', '155', '156', '157', '160', '169', '170', '171', '172', '173', '196', '197', '198', '199', '200', '201', '300', '301', '302', '303', '304', '323', '338', '339', '340', '341', '342', '343', '344', '345', '349', '350', '351', '352', '417', '418', '419', '430', '431', '432', '433', '434']",0,,
3,8,"size == ""1.0""","isEmpty == ""false""","peek_obj_type == ""class java.lang.class""","size_p == ""0""","isEmpty_p == ""True""","peek_obj_type_p == ""class java.lang.String""",0,,87,"['8', '9', '10', '11', '12', '13', '14', '15', '33', '34', '35', '38', '39', '42', '43', '44', '45', '46', '53', '54', '57', '58', '59', '60', '62', '63', '64', '65', '66', '67', '68', '69', '76', '77', '96', '97', '111', '112', '134', '135', '174', '175', '190', '191', '202', '205', '206', '258', '259', '307', '308', '309', '310', '311', '312', '313', '314', '315', '316', '336', '337', '367', '368', '392', '393', '394', '395', '396', '397', '420', '421', '422', '423', '424', '425', '426', '427', '428', '429', '447', '448', '449', '450', '451', '452', '453', '454']",0,,
4,9,"size == ""0.0""","isEmpty == ""true""","peek_obj_type == ""emptyobject""","size_p == ""1""","isEmpty_p == ""False""","peek_obj_type_p == ""class java.lang.Class""",0,,68,"['2', '3', '4', '5', '6', '7', '30', '31', '40', '41', '61', '83', '84', '95', '106', '107', '108', '109', '110', '125', '126', '127', '128', '129', '130', '153', '154', '155', '156', '157', '160', '169', '170', '171', '172', '173', '196', '197', '198', '199', '200', '201', '300', '301', '302', '303', '304', '323', '338', '339', '340', '341', '342', '343', '344', '345', '349', '350', '351', '352', '417', '418', '419', '430', '431', '432', '433', '434']",0,,
5,12,"size == ""1.0""","isEmpty == ""false""","peek_obj_type == ""class java.lang.short""","size_p == ""0""","isEmpty_p == ""True""","peek_obj_type_p == ""class java.lang.String""",0,,87,"['8', '9', '10', '11', '12', '13', '14', '15', '33', '34', '35', '38', '39', '42', '43', '44', '45', '46', '53', '54', '57', '58', '59', '60', '62', '63', '64', '65', '66', '67', '68', '69', '76', '77', '96', '97', '111', '112', '134', '135', '174', '175', '190', '191', '202', '205', '206', '258', '259', '307', '308', '309', '310', '311', '312', '313', '314', '315', '316', '336', '337', '367', '368', '392', '393', '394', '395', '396', '397', '420', '421', '422', '423', '424', '425', '426', '427', '428', '429', '447', '448', '449', '450', '451', '452', '453', '454']",0,,
6,13,"size == ""2.0""","isEmpty == ""true""","peek_obj_type == ""emptyobject""","size_p == ""1""","isEmpty_p == ""False""","peek_obj_type_p == ""class java.lang.Short""",25,"['4', '6', '7', '31', '107', '108', '110', '127', '129', '130', '156', '171', '173', '198', '200', '201', '339', '341', '342', '344', '345', '350', '351', '432', '434']",14,"['40', '41', '61', '83', '84', '95', '300', '301', '302', '303', '304', '323', '418', '419']",25,"['4', '6', '7', '31', '107', '108', '110', '127', '129', '130', '156', '171', '173', '198', '200', '201', '339', '341', '342', '344', '345', '350', '351', '432', '434']",yes
7,14,"size == ""3.0""","isEmpty == ""false""","peek_obj_type == ""class experiment.drivers.alejastacktestdriver""","size_p == ""2""","isEmpty_p == ""True""","peek_obj_type_p == ""class java.lang.String""",20,"['15', '35', '63', '65', '69', '97', '135', '191', '206', '259', '308', '312', '316', '394', '396', '397', '449', '451', '452', '454']",5,"['53', '54', '336', '337', '378']",20,"['15', '35', '63', '65', '69', '97', '135', '191', '206', '259', '308', '312', '316', '394', '396', '397', '449', '451', '452', '454']",yes
8,15,"size == ""2.0""","isEmpty == ""true""","peek_obj_type == ""emptyobject""","size_p == ""3""","isEmpty_p == ""False""","peek_obj_type_p == ""class experiment.drivers.AlejaStackTestDriver""",10,"['107', '108', '127', '129', '130', '198', '200', '201', '339', '341']",5,"['40', '41', '114', '418', '419']",10,"['107', '108', '127', '129', '130', '198', '200', '201', '339', '341']",yes
9,16,"size == ""0.0""","isEmpty == ""true""","peek_obj_type == ""emptyobject""","size_p == ""2""","isEmpty_p == ""True""","peek_obj_type_p == ""class java.lang.String""",100,"['1', '20', '23', '27', '28', '32', '49', '51', '52', '82', '86', '87', '89', '90', '94', '100', '102', '103', '104', '105', '113', '123', '138', '139', '140', '144', '147', '148', '149', '150', '151', '152', '176', '178', '182', '191', '195', '226', '227', '228', '229', '230', '242', '245', '259', '271', '272', '274', '277', '278', '279', '283', '284', '285', '286', '287', '288', '289', '291', '295', '296', '299', '325', '327', '328', '333', '346', '348', '354', '356', '357', '362', '363', '364', '370', '371', '373', '375', '376', '377', '388', '389', '390', '391', '400', '402', '403', '406', '408', '414', '415', '416', '436', '446', '449', '451', '452', '461', '467', '468']",88,"['36', '37', '40', '41', '55', '56', '70', '71', '72', '73', '74', '75', '78', '79', '98', '99', '108', '109', '125', '126', '127', '128', '129', '130', '158', '159', '161', '162', '163', '164', '165', '166', '167', '168', '192', '193', '207', '208', '209', '210', '211', '212', '213', '214', '215', '216', '217', '218', '219', '220', '221', '222', '223', '224', '236', '237', '260', '261', '262', '263', '264', '265', '266', '267', '268', '269', '305', '306', '317', '318', '319', '320', '321', '322', '330', '335', '336', '337', '338', '339', '437', '438', '439', '440', '441', '442', '443', '444']",100,"['1', '20', '23', '27', '28', '32', '49', '51', '52', '82', '86', '87', '89', '90', '94', '100', '102', '103', '104', '105', '113', '123', '138', '139', '140', '144', '147', '148', '149', '150', '151', '152', '176', '178', '182', '191', '195', '226', '227', '228', '229', '230', '242', '245', '259', '271', '272', '274', '277', '278', '279', '283', '284', '285', '286', '287', '288', '289', '291', '295', '296', '299', '325', '327', '328', '333', '346', '348', '354', '356', '357', '362', '363', '364', '370', '371', '373', '375', '376', '377', '388', '389', '390', '391', '400', '402', '403', '406', '408', '414', '415', '416', '436', '446', '449', '451', '452', '461', '467', '468']",yes
10,20,"size == ""1.0""","isEmpty == ""false""","peek_obj_type == ""class java.lang.long""","size_p == ""0""","isEmpty_p == ""True""","peek_obj_type_p == ""class java.lang.String""",0,,87,"['8', '9', '10', '11', '12', '13', '14', '15', '33', '34', '35', '38', '39', '42', '43', '44', '45', '46', '53', '54', '57', '58', '59', '60', '62', '63', '64', '65', '66', '67', '68', '69', '76', '77', '96', '97', '111', '112', '134', '135', '174', '175', '190', '191', '202', '205', '206', '258', '259', '307', '308', '309', '310', '311', '312', '313', '314', '315', '316', '336', '337', '367', '368', '392', '393', '394', '395', '396', '397', '420', '421', '422', '423', '424', '425', '426', '427', '428', '429', '447', '448', '449', '450', '451', '452', '453', '454']",0,,
11,21,"size == ""0.0""","isEmpty == ""true""","peek_obj_type == ""emptyobject""","size_p == ""1""","isEmpty_p == ""False""","peek_obj_type_p == ""class java.lang.Long""",0,,68,"['2', '3', '4', '5', '6', '7', '30', '31', '40', '41', '61', '83', '84', '95', '106', '107', '108', '109', '110', '125', '126', '127', '128', '129', '130', '153', '154', '155', '156', '157', '160', '169', '170', '171', '172', '173', '196', '197', '198', '199', '200', '201', '300', '301', '302', '303', '304', '323', '338', '339', '340', '341', '342', '343', '344', '345', '349', '350', '351', '352', '417', '418', '419', '430', '431', '432', '433', '434']",0,,
12,23,"size == ""2.0""","isEmpty == ""true""","peek_obj_type == ""emptyobject""","size_p == ""1""","isEmpty_p == ""False""","peek_obj_type_p == ""class java.lang.Float""",25,"['4', '6', '7', '31', '107', '108', '110', '127', '129', '130', '156', '171', '173', '198', '200', '201', '339', '341', '342', '344', '345', '350', '351', '432', '434']",14,"['40', '41', '61', '83', '84', '95', '300', '301', '302', '303', '304', '323', '418', '419']",25,"['4', '6', '7', '31', '107', '108', '110', '127', '129', '130', '156', '171', '173', '198', '200', '201', '339', '341', '342', '344', '345', '350', '351', '432', '434']",yes
13,24,"size == ""3.0""","isEmpty == ""false""","peek_obj_type == ""class java.lang.long""","size_p == ""2""","isEmpty_p == ""True""","peek_obj_type_p == ""class java.lang.String""",20,"['15', '35', '63', '65', '69', '97', '135', '191', '206', '259', '308', '312', '316', '394', '396', '397', '449', '451', '452', '454']",4,"['53', '54', '336', '337']",20,"['15', '35', '63', '65', '69', '97', '135', '191', '206', '259', '308', '312', '316', '394', '396', '397', '449', '451', '452', '454']",yes
14,25,"size == ""4.0""","isEmpty == ""false""","peek_obj_type == ""class java.lang.long""","size_p == ""3""","isEmpty_p == ""False""","peek_obj_type_p == ""class java.lang.Long""",0,,0,,0,,
15,26,"size == ""0.0""","isEmpty == ""true""","peek_obj_type == ""emptyobject""","size_p == ""4""","isEmpty_p == ""False""","peek_obj_type_p == ""class java.lang.Long""",0,,24,"['40', '41', '106', '107', '108', '109', '125', '126', '127', '128', '129', '130', '196', '197', '198', '199', '200', '201', '338', '339', '340', '341', '418', '419']",0,,
16,45,"size == ""2.0""","isEmpty == ""true""","peek_obj_type == ""emptyobject""","size_p == ""1""","isEmpty_p == ""False""","peek_obj_type_p == ""class java.lang.Class""",25,"['4', '6', '7', '31', '107', '108', '110', '127', '129', '130', '156', '171', '173', '198', '200', '201', '339', '341', '342', '344', '345', '350', '351', '432', '434']",14,"['40', '41', '61', '83', '84', '95', '300', '301', '302', '303', '304', '323', '418', '419']",25,"['4', '6', '7', '31', '107', '108', '110', '127', '129', '130', '156', '171', '173', '198', '200', '201', '339', '341', '342', '344', '345', '350', '351', '432', '434']",yes
17,62,"size == ""3.0""","isEmpty == ""false""","peek_obj_type == ""class java.lang.byte""","size_p == ""2""","isEmpty_p == ""True""","peek_obj_type_p == ""class java.lang.String""",20,"['15', '35', '63', '65', '69', '97', '135', '191', '206', '259', '308', '312', '316', '394', '396', '397', '449', '451', '452', '454']",4,"['53', '54', '336', '337']",20,"['15', '35', '63', '65', '69', '97', '135', '191', '206', '259', '308', '312', '316', '394', '396', '397', '449', '451', '452', '454']",yes
18,63,"size == ""0.0""","isEmpty == ""true""","peek_obj_type == ""emptyobject""","size_p == ""3""","isEmpty_p == ""False""","peek_obj_type_p == ""class java.lang.Byte""",0,,24,"['40', '41', '106', '107', '108', '109', '125', '126', '127', '128', '129', '130', '196', '197', '198', '199', '200', '201', '338', '339', '340', '341', '418', '419']",0,,
19,64,"size == ""1.0""","isEmpty == ""false""","peek_obj_type == ""class experiment.drivers.alejastacktestdriver""","size_p == ""0""","isEmpty_p == ""True""","peek_obj_type_p == ""class java.lang.String""",0,,88,"['8', '9', '10', '11', '12', '13', '14', '15', '33', '34', '35', '38', '39', '42', '43', '44', '45', '46', '53', '54', '57', '58', '59', '60', '62', '63', '64', '65', '66', '67', '68', '69', '76', '77', '96', '97', '111', '112', '134', '135', '174', '175', '190', '191', '202', '205', '206', '258', '259', '307', '308', '309', '310', '311', '312', '313', '314', '315', '316', '336', '337', '367', '368', '378', '392', '393', '394', '395', '396', '397', '420', '421', '422', '423', '424', '425', '426', '427', '428', '429', '447', '448', '449', '450', '451', '452', '453', '454']",0,,
20,65,"size == ""0.0""","isEmpty == ""true""","peek_obj_type == ""emptyobject""","size_p == ""1""","isEmpty_p == ""False""","peek_obj_type_p == ""class experiment.drivers.AlejaStackTestDriver""",0,,69,"['2', '3', '4', '5', '6', '7', '30', '31', '40', '41', '61', '83', '84', '95', '106', '107', '108', '109', '110', '114', '125', '126', '127', '128', '129', '130', '153', '154', '155', '156', '157', '160', '169', '170', '171', '172', '173', '196', '197', '198', '199', '200', '201', '300', '301', '302', '303', '304', '323', '338', '339', '340', '341', '342', '343', '344', '345', '349', '350', '351', '352', '417', '418', '419', '430', '431', '432', '433', '434']",0,,
21,70,"size == ""2.0""","isEmpty == ""true""","peek_obj_type == ""emptyobject""","size_p == ""1""","isEmpty_p == ""False""","peek_obj_type_p == ""class java.lang.Long""",25,"['4', '6', '7', '31', '107', '108', '110', '127', '129', '130', '156', '171', '173', '198', '200', '201', '339', '341', '342', '344', '345', '350', '351', '432', '434']",14,"['40', '41', '61', '83', '84', '95', '300', '301', '302', '303', '304', '323', '418', '419']",25,"['4', '6', '7', '31', '107', '108', '110', '127', '129', '130', '156', '171', '173', '198', '200', '201', '339', '341', '342', '344', '345', '350', '351', '432', '434']",yes
22,99,"size == ""1.0""","isEmpty == ""false""","peek_obj_type == ""class java.lang.string""","size_p == ""0""","isEmpty_p == ""True""","peek_obj_type_p == ""class java.lang.String""",0,,87,"['8', '9', '10', '11', '12', '13', '14', '15', '33', '34', '35', '38', '39', '42', '43', '44', '45', '46', '53', '54', '57', '58', '59', '60', '62', '63', '64', '65', '66', '67', '68', '69', '76', '77', '96', '97', '111', '112', '134', '135', '174', '175', '190', '191', '202', '205', '206', '258', '259', '307', '308', '309', '310', '311', '312', '313', '314', '315', '316', '336', '337', '367', '368', '392', '393', '394', '395', '396', '397', '420', '421', '422', '423', '424', '425', '426', '427', '428', '429', '447', '448', '449', '450', '451', '452', '453', '454']",0,,
23,100,"size == ""0.0""","isEmpty == ""true""","peek_obj_type == ""emptyobject""","size_p == ""1""","isEmpty_p == ""False""","peek_obj_type_p == ""class java.lang.String""",60,"['32', '52', '56', '99', '103', '104', '105', '113', '138', '139', '140', '147', '148', '149', '150', '151', '152', '166', '167', '168', '195', '222', '223', '224', '226', '259', '263', '264', '265', '266', '267', '268', '269', '277', '278', '279', '283', '284', '285', '286', '287', '288', '289', '335', '337', '356', '376', '377', '389', '390', '391', '403', '414', '415', '416', '442', '443', '444', '446', '452']",80,"['2', '3', '4', '5', '6', '7', '30', '31', '36', '37', '40', '41', '61', '83', '84', '95', '106', '107', '108', '109', '110', '125', '126', '127', '128', '129', '130', '153', '154', '155', '156', '157', '158', '159', '160', '169', '170', '171', '172', '173', '196', '197', '198', '199', '200', '201', '300', '301', '302', '303', '304', '305', '306', '317', '318', '319', '320', '321', '322', '323', '338', '339', '340', '341', '342', '343', '344', '345', '349', '350', '351', '352', '417', '418', '419', '430', '431', '432', '433', '434']",60,"['32', '52', '56', '99', '103', '104', '105', '113', '138', '139', '140', '147', '148', '149', '150', '151', '152', '166', '167', '168', '195', '222', '223', '224', '226', '259', '263', '264', '265', '266', '267', '268', '269', '277', '278', '279', '283', '284', '285', '286', '287', '288', '289', '335', '337', '356', '376', '377', '389', '390', '391', '403', '414', '415', '416', '442', '443', '444', '446', '452']",
24,103,"size == ""1.0""","isEmpty == ""false""","peek_obj_type == ""class java.lang.byte""","size_p == ""0""","isEmpty_p == ""True""","peek_obj_type_p == ""class java.lang.String""",0,,87,"['8', '9', '10', '11', '12', '13', '14', '15', '33', '34', '35', '38', '39', '42', '43', '44', '45', '46', '53', '54', '57', '58', '59', '60', '62', '63', '64', '65', '66', '67', '68', '69', '76', '77', '96', '97', '111', '112', '134', '135', '174', '175', '190', '191', '202', '205', '206', '258', '259', '307', '308', '309', '310', '311', '312', '313', '314', '315', '316', '336', '337', '367', '368', '392', '393', '394', '395', '396', '397', '420', '421', '422', '423', '424', '425', '426', '427', '428', '429', '447', '448', '449', '450', '451', '452', '453', '454']",0,,
25,104,"size == ""2.0""","isEmpty == ""true""","peek_obj_type == ""emptyobject""","size_p == ""1""","isEmpty_p == ""False""","peek_obj_type_p == ""class java.lang.Byte""",25,"['4', '6', '7', '31', '107', '108', '110', '127', '129', '130', '156', '171', '173', '198', '200', '201', '339', '341', '342', '344', '345', '350', '351', '432', '434']",14,"['40', '41', '61', '83', '84', '95', '300', '301', '302', '303', '304', '323', '418', '419']",25,"['4', '6', '7', '31', '107', '108', '110', '127', '129', '130', '156', '171', '173', '198', '200', '201', '339', '341', '342', '344', '345', '350', '351', '432', '434']",yes
26,105,"size == ""3.0""","isEmpty == ""false""","peek_obj_type == ""class java.lang.class""","size_p == ""2""","isEmpty_p == ""True""","peek_obj_type_p == ""class java.lang.String""",20,"['15', '35', '63', '65', '69', '97', '135', '191', '206', '259', '308', '312', '316', '394', '396', '397', '449', '451', '452', '454']",4,"['53', '54', '336', '337']",20,"['15', '35', '63', '65', '69', '97', '135', '191', '206', '259', '308', '312', '316', '394', '396', '397', '449', '451', '452', '454']",yes
27,106,"size == ""2.0""","isEmpty == ""true""","peek_obj_type == ""emptyobject""","size_p == ""3""","isEmpty_p == ""False""","peek_obj_type_p == ""class java.lang.Class""",10,"['107', '108', '127', '129', '130', '198', '200', '201', '339', '341']",4,"['40', '41', '418', '419']",10,"['107', '108', '127', '129', '130', '198', '200', '201', '339', '341']",yes
28,112,"size == ""2.0""","isEmpty == ""true""","peek_obj_type == ""emptyobject""","size_p == ""1""","isEmpty_p == ""False""","peek_obj_type_p == ""class experiment.drivers.AlejaStackTestDriver""",25,"['4', '6', '7', '31', '107', '108', '110', '127', '129', '130', '156', '171', '173', '198', '200', '201', '339', '341', '342', '344', '345', '350', '351', '432', '434']",15,"['40', '41', '61', '83', '84', '95', '114', '300', '301', '302', '303', '304', '323', '418', '419']",25,"['4', '6', '7', '31', '107', '108', '110', '127', '129', '130', '156', '171', '173', '198', '200', '201', '339', '341', '342', '344', '345', '350', '351', '432', '434']",yes
29,117,"size == ""2.0""","isEmpty == ""true""","peek_obj_type == ""emptyobject""","size_p == ""3""","isEmpty_p == ""False""","peek_obj_type_p == ""class java.lang.Byte""",10,"['107', '108', '127', '129', '130', '198', '200', '201', '339', '341']",4,"['40', '41', '418', '419']",10,"['107', '108', '127', '129', '130', '198', '200', '201', '339', '341']",yes
30,143,"size == ""0.0""","isEmpty == ""true""","peek_obj_type == ""emptyobject""","size_p == ""3""","isEmpty_p == ""False""","peek_obj_type_p == ""class java.lang.Long""",0,,24,"['40', '41', '106', '107', '108', '109', '125', '126', '127', '128', '129', '130', '196', '197', '198', '199', '200', '201', '338', '339', '340', '341', '418', '419']",0,,
31,193,"size == ""0.0""","isEmpty == ""true""","peek_obj_type == ""emptyobject""","size_p == ""3""","isEmpty_p == ""False""","peek_obj_type_p == ""class experiment.drivers.AlejaStackTestDriver""",0,,25,"['40', '41', '106', '107', '108', '109', '114', '125', '126', '127', '128', '129', '130', '196', '197', '198', '199', '200', '201', '338', '339', '340', '341', '418', '419']",0,,
32,197,"size == ""2.0""","isEmpty == ""true""","peek_obj_type == ""emptyobject""","size_p == ""3""","isEmpty_p == ""False""","peek_obj_type_p == ""class java.lang.Long""",10,"['107', '108', '127', '129', '130', '198', '200', '201', '339', '341']",4,"['40', '41', '418', '419']",10,"['107', '108', '127', '129', '130', '198', '200', '201', '339', '341']",yes
33,231,"size == ""0.0""","isEmpty == ""true""","peek_obj_type == ""emptyobject""","size_p == ""1""","isEmpty_p == ""False""","peek_obj_type_p == ""class java.lang.Short""",0,,68,"['2', '3', '4', '5', '6', '7', '30', '31', '40', '41', '61', '83', '84', '95', '106', '107', '108', '109', '110', '125', '126', '127', '128', '129', '130', '153', '154', '155', '156', '157', '160', '169', '170', '171', '172', '173', '196', '197', '198', '199', '200', '201', '300', '301', '302', '303', '304', '323', '338', '339', '340', '341', '342', '343', '344', '345', '349', '350', '351', '352', '417', '418', '419', '430', '431', '432', '433', '434']",0,,
34,284,"size == ""3.0""","isEmpty == ""false""","peek_obj_type == ""class java.lang.float""","size_p == ""2""","isEmpty_p == ""True""","peek_obj_type_p == ""class java.lang.String""",20,"['15', '35', '63', '65', '69', '97', '135', '191', '206', '259', '308', '312', '316', '394', '396', '397', '449', '451', '452', '454']",4,"['53', '54', '336', '337']",20,"['15', '35', '63', '65', '69', '97', '135', '191', '206', '259', '308', '312', '316', '394', '396', '397', '449', '451', '452', '454']",yes
35,285,"size == ""0.0""","isEmpty == ""true""","peek_obj_type == ""emptyobject""","size_p == ""3""","isEmpty_p == ""False""","peek_obj_type_p == ""class java.lang.Float""",0,,24,"['40', '41', '106', '107', '108', '109', '125', '126', '127', '128', '129', '130', '196', '197', '198', '199', '200', '201', '338', '339', '340', '341', '418', '419']",0,,
36,290,"size == ""1.0""","isEmpty == ""false""","peek_obj_type == ""class java.lang.integer""","size_p == ""0""","isEmpty_p == ""True""","peek_obj_type_p == ""class java.lang.String""",0,,87,"['8', '9', '10', '11', '12', '13', '14', '15', '33', '34', '35', '38', '39', '42', '43', '44', '45', '46', '53', '54', '57', '58', '59', '60', '62', '63', '64', '65', '66', '67', '68', '69', '76', '77', '96', '97', '111', '112', '134', '135', '174', '175', '190', '191', '202', '205', '206', '258', '259', '307', '308', '309', '310', '311', '312', '313', '314', '315', '316', '336', '337', '367', '368', '392', '393', '394', '395', '396', '397', '420', '421', '422', '423', '424', '425', '426', '427', '428', '429', '447', '448', '449', '450', '451', '452', '453', '454']",0,,
37,291,"size == ""2.0""","isEmpty == ""true""","peek_obj_type == ""emptyobject""","size_p == ""1""","isEmpty_p == ""False""","peek_obj_type_p == ""class java.lang.Integer""",25,"['4', '6', '7', '31', '107', '108', '110', '127', '129', '130', '156', '171', '173', '198', '200', '201', '339', '341', '342', '344', '345', '350', '351', '432', '434']",14,"['40', '41', '61', '83', '84', '95', '300', '301', '302', '303', '304', '323', '418', '419']",25,"['4', '6', '7', '31', '107', '108', '110', '127', '129', '130', '156', '171', '173', '198', '200', '201', '339', '341', '342', '344', '345', '350', '351', '432', '434']",yes
38,356,"size == ""1.0""","isEmpty == ""false""","peek_obj_type == ""class java.lang.double""","size_p == ""0""","isEmpty_p == ""True""","peek_obj_type_p == ""class java.lang.String""",0,,87,"['8', '9', '10', '11', '12', '13', '14', '15', '33', '34', '35', '38', '39', '42', '43', '44', '45', '46', '53', '54', '57', '58', '59', '60', '62', '63', '64', '65', '66', '67', '68', '69', '76', '77', '96', '97', '111', '112', '134', '135', '174', '175', '190', '191', '202', '205', '206', '258', '259', '307', '308', '309', '310', '311', '312', '313', '314', '315', '316', '336', '337', '367', '368', '392', '393', '394', '395', '396', '397', '420', '421', '422', '423', '424', '425', '426', '427', '428', '429', '447', '448', '449', '450', '451', '452', '453', '454']",0,,
39,357,"size == ""0.0""","isEmpty == ""true""","peek_obj_type == ""emptyobject""","size_p == ""1""","isEmpty_p == ""False""","peek_obj_type_p == ""class java.lang.Double""",0,,68,"['2', '3', '4', '5', '6', '7', '30', '31', '40', '41', '61', '83', '84', '95', '106', '107', '108', '109', '110', '125', '126', '127', '128', '129', '130', '153', '154', '155', '156', '157', '160', '169', '170', '171', '172', '173', '196', '197', '198', '199', '200', '201', '300', '301', '302', '303', '304', '323', '338', '339', '340', '341', '342', '343', '344', '345', '349', '350', '351', '352', '417', '418', '419', '430', '431', '432', '433', '434']",0,,
40,368,"size == ""0.0""","isEmpty == ""true""","peek_obj_type == ""emptyobject""","size_p == ""1""","isEmpty_p == ""False""","peek_obj_type_p == ""class java.lang.Byte""",0,,68,"['2', '3', '4', '5', '6', '7', '30', '31', '40', '41', '61', '83', '84', '95', '106', '107', '108', '109', '110', '125', '126', '127', '128', '129', '130', '153', '154', '155', '156', '157', '160', '169', '170', '171', '172', '173', '196', '197', '198', '199', '200', '201', '300', '301', '302', '303', '304', '323', '338', '339', '340', '341', '342', '343', '344', '345', '349', '350', '351', '352', '417', '418', '419', '430', '431', '432', '433', '434']",0,,
41,378,"size == ""0.0""","isEmpty == ""true""","peek_obj_type == ""emptyobject""","size_p == ""3""","isEmpty_p == ""False""","peek_obj_type_p == ""class java.lang.Class""",0,,24,"['40', '41', '106', '107', '108', '109', '125', '126', '127', '128', '129', '130', '196', '197', '198', '199', '200', '201', '338', '339', '340', '341', '418', '419']",0,,
42,382,"size == ""4.0""","isEmpty == ""false""","peek_obj_type == ""class java.lang.class""","size_p == ""3""","isEmpty_p == ""False""","peek_obj_type_p == ""class java.lang.Float""",0,,0,,0,,
43,383,"size == ""5.0""","isEmpty == ""false""","peek_obj_type == ""class experiment.drivers.alejastacktestdriver""","size_p == ""4""","isEmpty_p == ""False""","peek_obj_type_p == ""class java.lang.Class""",0,,1,['378'],0,,
44,384,"size == ""0.0""","isEmpty == ""true""","peek_obj_type == ""emptyobject""","size_p == ""5""","isEmpty_p == ""False""","peek_obj_type_p == ""class experiment.drivers.AlejaStackTestDriver""",0,,25,"['40', '41', '106', '107', '108', '109', '114', '125', '126', '127', '128', '129', '130', '196', '197', '198', '199', '200', '201', '338', '339', '340', '341', '418', '419']",0,,
45,395,"size == ""4.0""","isEmpty == ""false""","peek_obj_type == ""class java.lang.double""","size_p == ""3""","isEmpty_p == ""False""","peek_obj_type_p == ""class experiment.drivers.AlejaStackTestDriver""",0,,1,['114'],0,,
46,396,"size == ""5.0""","isEmpty == ""false""","peek_obj_type == ""class experiment.drivers.alejastacktestdriver""","size_p == ""4""","isEmpty_p == ""False""","peek_obj_type_p == ""class java.lang.Double""",0,,1,['378'],0,,
47,437,"size == ""3.0""","isEmpty == ""false""","peek_obj_type == ""class java.lang.boolean""","size_p == ""2""","isEmpty_p == ""True""","peek_obj_type_p == ""class java.lang.String""",20,"['15', '35', '63', '65', '69', '97', '135', '191', '206', '259', '308', '312', '316', '394', '396', '397', '449', '451', '452', '454']",4,"['53', '54', '336', '337']",20,"['15', '35', '63', '65', '69', '97', '135', '191', '206', '259', '308', '312', '316', '394', '396', '397', '449', '451', '452', '454']",yes
48,438,"size == ""2.0""","isEmpty == ""true""","peek_obj_type == ""emptyobject""","size_p == ""3""","isEmpty_p == ""False""","peek_obj_type_p == ""class java.lang.Boolean""",10,"['107', '108', '127', '129', '130', '198', '200', '201', '339', '341']",4,"['40', '41', '418', '419']",10,"['107', '108', '127', '129', '130', '198', '200', '201', '339', '341']",yes
49,641,"size == ""4.0""","isEmpty == ""false""","peek_obj_type == ""class java.lang.short""","size_p == ""3""","isEmpty_p == ""False""","peek_obj_type_p == ""class java.lang.Long""",0,,0,,0,,
50,642,"size == ""0.0""","isEmpty == ""true""","peek_obj_type == ""emptyobject""","size_p == ""4""","isEmpty_p == ""False""","peek_obj_type_p == ""class java.lang.Short""",0,,24,"['40', '41', '106', '107', '108', '109', '125', '126', '127', '128', '129', '130', '196', '197', '198', '199', '200', '201', '338', '339', '340', '341', '418', '419']",0,,
51,758,"size == ""1.0""","isEmpty == ""false""","peek_obj_type == ""class java.lang.character""","size_p == ""0""","isEmpty_p == ""True""","peek_obj_type_p == ""class java.lang.String""",0,,87,"['8', '9', '10', '11', '12', '13', '14', '15', '33', '34', '35', '38', '39', '42', '43', '44', '45', '46', '53', '54', '57', '58', '59', '60', '62', '63', '64', '65', '66', '67', '68', '69', '76', '77', '96', '97', '111', '112', '134', '135', '174', '175', '190', '191', '202', '205', '206', '258', '259', '307', '308', '309', '310', '311', '312', '313', '314', '315', '316', '336', '337', '367', '368', '392', '393', '394', '395', '396', '397', '420', '421', '422', '423', '424', '425', '426', '427', '428', '429', '447', '448', '449', '450', '451', '452', '453', '454']",0,,
52,759,"size == ""0.0""","isEmpty == ""true""","peek_obj_type == ""emptyobject""","size_p == ""1""","isEmpty_p == ""False""","peek_obj_type_p == ""class java.lang.Character""",0,,68,"['2', '3', '4', '5', '6', '7', '30', '31', '40', '41', '61', '83', '84', '95', '106', '107', '108', '109', '110', '125', '126', '127', '128', '129', '130', '153', '154', '155', '156', '157', '160', '169', '170', '171', '172', '173', '196', '197', '198', '199', '200', '201', '300', '301', '302', '303', '304', '323', '338', '339', '340', '341', '342', '343', '344', '345', '349', '350', '351', '352', '417', '418', '419', '430', '431', '432', '433', '434']",0,,
53,1172,"size == ""0.0""","isEmpty == ""true""","peek_obj_type == ""emptyobject""","size_p == ""4""","isEmpty_p == ""False""","peek_obj_type_p == ""class java.lang.Class""",0,,24,"['40', '41', '106', '107', '108', '109', '125', '126', '127', '128', '129', '130', '196', '197', '198', '199', '200', '201', '338', '339', '340', '341', '418', '419']",0,,
54,1203,"size == ""4.0""","isEmpty == ""false""","peek_obj_type == ""class java.lang.class""","size_p == ""3""","isEmpty_p == ""False""","peek_obj_type_p == ""class experiment.drivers.AlejaStackTestDriver""",0,,1,['114'],0,,
55,1298,"size == ""6.0""","isEmpty == ""false""","peek_obj_type == ""class experiment.drivers.alejastacktestdriver""","size_p == ""5""","isEmpty_p == ""False""","peek_obj_type_p == ""class experiment.drivers.AlejaStackTestDriver""",0,,2,"['114', '378']",0,,
56,1299,"size == ""0.0""","isEmpty == ""true""","peek_obj_type == ""emptyobject""","size_p == ""6""","isEmpty_p == ""False""","peek_obj_type_p == ""class experiment.drivers.AlejaStackTestDriver""",0,,25,"['40', '41', '106', '107', '108', '109', '114', '125', '126', '127', '128', '129', '130', '196', '197', '198', '199', '200', '201', '338', '339', '340', '341', '418', '419']",0,,
57,1577,"size == ""4.0""","isEmpty == ""false""","peek_obj_type == ""class experiment.drivers.alejastacktestdriver""","size_p == ""3""","isEmpty_p == ""False""","peek_obj_type_p == ""class java.lang.Class""",0,,1,['378'],0,,
58,1578,"size == ""5.0""","isEmpty == ""false""","peek_obj_type == ""class java.lang.class""","size_p == ""4""","isEmpty_p == ""False""","peek_obj_type_p == ""class experiment.drivers.AlejaStackTestDriver""",0,,1,['114'],0,,
59,1579,"size == ""0.0""","isEmpty == ""true""","peek_obj_type == ""emptyobject""","size_p == ""5""","isEmpty_p == ""False""","peek_obj_type_p == ""class java.lang.Class""",0,,24,"['40', '41', '106', '107', '108', '109', '125', '126', '127', '128', '129', '130', '196', '197', '198', '199', '200', '201', '338', '339', '340', '341', '418', '419']",0,,
60,1611,"size == ""2.0""","isEmpty == ""true""","peek_obj_type == ""emptyobject""","size_p == ""2""","isEmpty_p == ""True""","peek_obj_type_p == ""class java.lang.String""",85,"['20', '23', '27', '28', '32', '49', '51', '52', '72', '74', '75', '90', '100', '102', '103', '104', '105', '108', '127', '129', '130', '140', '150', '152', '159', '178', '191', '193', '195', '207', '210', '212', '213', '215', '216', '219', '221', '224', '228', '230', '237', '259', '263', '265', '267', '272', '278', '286', '288', '289', '296', '306', '317', '319', '320', '325', '328', '339', '346', '348', '354', '356', '357', '363', '364', '371', '375', '391', '400', '402', '403', '406', '408', '414', '415', '416', '436', '437', '440', '444', '446', '449', '451', '452', '468']",20,"['36', '37', '40', '41', '78', '79', '98', '99', '161', '162', '163', '164', '165', '166', '167', '168', '330', '335', '336', '337']",85,"['20', '23', '27', '28', '32', '49', '51', '52', '72', '74', '75', '90', '100', '102', '103', '104', '105', '108', '127', '129', '130', '140', '150', '152', '159', '178', '191', '193', '195', '207', '210', '212', '213', '215', '216', '219', '221', '224', '228', '230', '237', '259', '263', '265', '267', '272', '278', '286', '288', '289', '296', '306', '317', '319', '320', '325', '328', '339', '346', '348', '354', '356', '357', '363', '364', '371', '375', '391', '400', '402', '403', '406', '408', '414', '415', '416', '436', '437', '440', '444', '446', '449', '451', '452', '468']",yes
61,1637,"size == ""0.0""","isEmpty == ""true""","peek_obj_type == ""emptyobject""","size_p == ""1""","isEmpty_p == ""False""","peek_obj_type_p == ""class java.lang.Integer""",0,,68,"['2', '3', '4', '5', '6', '7', '30', '31', '40', '41', '61', '83', '84', '95', '106', '107', '108', '109', '110', '125', '126', '127', '128', '129', '130', '153', '154', '155', '156', '157', '160', '169', '170', '171', '172', '173', '196', '197', '198', '199', '200', '201', '300', '301', '302', '303', '304', '323', '338', '339', '340', '341', '342', '343', '344', '345', '349', '350', '351', '352', '417', '418', '419', '430', '431', '432', '433', '434']",0,,
62,1705,"size == ""0.0""","isEmpty == ""true""","peek_obj_type == ""emptyobject""","size_p == ""4""","isEmpty_p == ""False""","peek_obj_type_p == ""class experiment.drivers.AlejaStackTestDriver""",0,,25,"['40', '41', '106', '107', '108', '109', '114', '125', '126', '127', '128', '129', '130', '196', '197', '198', '199', '200', '201', '338', '339', '340', '341', '418', '419']",0,,
63,2195,"size == ""7.0""","isEmpty == ""false""","peek_obj_type == ""class experiment.drivers.alejastacktestdriver""","size_p == ""6""","isEmpty_p == ""False""","peek_obj_type_p == ""class experiment.drivers.AlejaStackTestDriver""",0,,2,"['114', '378']",0,,
64,2196,"size == ""0.0""","isEmpty == ""true""","peek_obj_type == ""emptyobject""","size_p == ""7""","isEmpty_p == ""False""","peek_obj_type_p == ""class experiment.drivers.AlejaStackTestDriver""",0,,25,"['40', '41', '106', '107', '108', '109', '114', '125', '126', '127', '128', '129', '130', '196', '197', '198', '199', '200', '201', '338', '339', '340', '341', '418', '419']",0,,
65,2319,"size == ""3.0""","isEmpty == ""false""","peek_obj_type == ""class java.lang.float""","size_p == ""4""","isEmpty_p == ""False""","peek_obj_type_p == ""class java.lang.Class""",0,,0,,0,,
66,2547,"size == ""5.0""","isEmpty == ""false""","peek_obj_type == ""class java.lang.short""","size_p == ""4""","isEmpty_p == ""False""","peek_obj_type_p == ""class experiment.drivers.AlejaStackTestDriver""",0,,1,['114'],0,,
67,2548,"size == ""4.0""","isEmpty == ""false""","peek_obj_type == ""class experiment.drivers.alejastacktestdriver""","size_p == ""5""","isEmpty_p == ""False""","peek_obj_type_p == ""class java.lang.Short""",0,,1,['378'],0,,
68,2549,"size == ""5.0""","isEmpty == ""false""","peek_obj_type == ""class experiment.drivers.alejastacktestdriver""","size_p == ""4""","isEmpty_p == ""False""","peek_obj_type_p == ""class experiment.drivers.AlejaStackTestDriver""",0,,2,"['114', '378']",0,,
69,2550,"size == ""4.0""","isEmpty == ""false""","peek_obj_type == ""class experiment.drivers.alejastacktestdriver""","size_p == ""5""","isEmpty_p == ""False""","peek_obj_type_p == ""class experiment.drivers.AlejaStackTestDriver""",0,,2,"['114', '378']",0,,
70,2793,"size == ""4.0""","isEmpty == ""false""","peek_obj_type == ""class java.lang.class""","size_p == ""5""","isEmpty_p == ""False""","peek_obj_type_p == ""class experiment.drivers.AlejaStackTestDriver""",0,,1,['114'],0,,
71,3226,"size == ""3.0""","isEmpty == ""false""","peek_obj_type == ""class java.lang.character""","size_p == ""2""","isEmpty_p == ""True""","peek_obj_type_p == ""class java.lang.String""",20,"['15', '35', '63', '65', '69', '97', '135', '191', '206', '259', '308', '312', '316', '394', '396', '397', '449', '451', '452', '454']",4,"['53', '54', '336', '337']",20,"['15', '35', '63', '65', '69', '97', '135', '191', '206', '259', '308', '312', '316', '394', '396', '397', '449', '451', '452', '454']",yes
72,3227,"size == ""0.0""","isEmpty == ""true""","peek_obj_type == ""emptyobject""","size_p == ""3""","isEmpty_p == ""False""","peek_obj_type_p == ""class java.lang.Character""",0,,24,"['40', '41', '106', '107', '108', '109', '125', '126', '127', '128', '129', '130', '196', '197', '198', '199', '200', '201', '338', '339', '340', '341', '418', '419']",0,,
73,3464,"size == ""4.0""","isEmpty == ""false""","peek_obj_type == ""class java.lang.double""","size_p == ""5""","isEmpty_p == ""False""","peek_obj_type_p == ""class experiment.drivers.AlejaStackTestDriver""",0,,1,['114'],0,,
74,3465,"size == ""0.0""","isEmpty == ""true""","peek_obj_type == ""emptyobject""","size_p == ""4""","isEmpty_p == ""False""","peek_obj_type_p == ""class java.lang.Double""",0,,24,"['40', '41', '106', '107', '108', '109', '125', '126', '127', '128', '129', '130', '196', '197', '198', '199', '200', '201', '338', '339', '340', '341', '418', '419']",0,,
75,4095,"size == ""3.0""","isEmpty == ""false""","peek_obj_type == ""class java.lang.class""","size_p == ""4""","isEmpty_p == ""False""","peek_obj_type_p == ""class experiment.drivers.AlejaStackTestDriver""",0,,1,['114'],0,,
76,4275,"size == ""4.0""","isEmpty == ""false""","peek_obj_type == ""class experiment.drivers.alejastacktestdriver""","size_p == ""3""","isEmpty_p == ""False""","peek_obj_type_p == ""class experiment.drivers.AlejaStackTestDriver""",0,,2,"['114', '378']",0,,
77,4354,"size == ""4.0""","isEmpty == ""false""","peek_obj_type == ""class experiment.drivers.alejastacktestdriver""","size_p == ""3""","isEmpty_p == ""False""","peek_obj_type_p == ""class java.lang.Float""",0,,1,['378'],0,,
78,4412,"size == ""5.0""","isEmpty == ""false""","peek_obj_type == ""class experiment.drivers.alejastacktestdriver""","size_p == ""6""","isEmpty_p == ""False""","peek_obj_type_p == ""class experiment.drivers.AlejaStackTestDriver""",0,,2,"['114', '378']",0,,
79,4569,"size == ""2.0""","isEmpty == ""true""","peek_obj_type == ""emptyobject""","size_p == ""1""","isEmpty_p == ""False""","peek_obj_type_p == ""class java.lang.Double""",25,"['4', '6', '7', '31', '107', '108', '110', '127', '129', '130', '156', '171', '173', '198', '200', '201', '339', '341', '342', '344', '345', '350', '351', '432', '434']",14,"['40', '41', '61', '83', '84', '95', '300', '301', '302', '303', '304', '323', '418', '419']",25,"['4', '6', '7', '31', '107', '108', '110', '127', '129', '130', '156', '171', '173', '198', '200', '201', '339', '341', '342', '344', '345', '350', '351', '432', '434']",yes
80,4640,"size == ""2.0""","isEmpty == ""true""","peek_obj_type == ""emptyobject""","size_p == ""3""","isEmpty_p == ""False""","peek_obj_type_p == ""class java.lang.Float""",10,"['107', '108', '127', '129', '130', '198', '200', '201', '339', '341']",4,"['40', '41', '418', '419']",10,"['107', '108', '127', '129', '130', '198', '200', '201', '339', '341']",yes
81,5436,"size == ""3.0""","isEmpty == ""false""","peek_obj_type == ""class experiment.drivers.alejastacktestdriver""","size_p == ""4""","isEmpty_p == ""False""","peek_obj_type_p == ""class experiment.drivers.AlejaStackTestDriver""",0,,2,"['114', '378']",0,,
82,5600,"size == ""5.0""","isEmpty == ""false""","peek_obj_type == ""class java.lang.class""","size_p == ""4""","isEmpty_p == ""False""","peek_obj_type_p == ""class java.lang.Short""",0,,0,,0,,
83,5601,"size == ""4.0""","isEmpty == ""false""","peek_obj_type == ""class java.lang.short""","size_p == ""5""","isEmpty_p == ""False""","peek_obj_type_p == ""class java.lang.Class""",0,,0,,0,,
84,6996,"size == ""3.0""","isEmpty == ""false""","peek_obj_type == ""class java.lang.integer""","size_p == ""2""","isEmpty_p == ""True""","peek_obj_type_p == ""class java.lang.String""",20,"['15', '35', '63', '65', '69', '97', '135', '191', '206', '259', '308', '312', '316', '394', '396', '397', '449', '451', '452', '454']",4,"['53', '54', '336', '337']",20,"['15', '35', '63', '65', '69', '97', '135', '191', '206', '259', '308', '312', '316', '394', '396', '397', '449', '451', '452', '454']",yes
85,6997,"size == ""0.0""","isEmpty == ""true""","peek_obj_type == ""emptyobject""","size_p == ""3""","isEmpty_p == ""False""","peek_obj_type_p == ""class java.lang.Integer""",0,,24,"['40', '41', '106', '107', '108', '109', '125', '126', '127', '128', '129', '130', '196', '197', '198', '199', '200', '201', '338', '339', '340', '341', '418', '419']",0,,
86,7021,"size == ""5.0""","isEmpty == ""false""","peek_obj_type == ""class java.lang.class""","size_p == ""4""","isEmpty_p == ""False""","peek_obj_type_p == ""class java.lang.Class""",0,,0,,0,,
87,7071,"size == ""4.0""","isEmpty == ""false""","peek_obj_type == ""class java.lang.class""","size_p == ""3""","isEmpty_p == ""False""","peek_obj_type_p == ""class java.lang.Class""",0,,0,,0,,
88,8642,"size == ""4.0""","isEmpty == ""false""","peek_obj_type == ""class experiment.drivers.alejastacktestdriver""","size_p == ""3""","isEmpty_p == ""False""","peek_obj_type_p == ""class java.lang.Long""",0,,1,['378'],0,,
89,9235,"size == ""6.0""","isEmpty == ""false""","peek_obj_type == ""class experiment.drivers.alejastacktestdriver""","size_p == ""5""","isEmpty_p == ""False""","peek_obj_type_p == ""class java.lang.Class""",0,,1,['378'],0,,
90,9943,"size == ""3.0""","isEmpty == ""false""","peek_obj_type == ""class java.lang.class""","size_p == ""4""","isEmpty_p == ""False""","peek_obj_type_p == ""class java.lang.Class""",0,,0,,0,,
91,11527,"size == ""3.0""","isEmpty == ""false""","peek_obj_type == ""class java.lang.long""","size_p == ""4""","isEmpty_p == ""False""","peek_obj_type_p == ""class java.lang.Short""",0,,0,,0,,
92,11549,"size == ""2.0""","isEmpty == ""true""","peek_obj_type == ""emptyobject""","size_p == ""1""","isEmpty_p == ""False""","peek_obj_type_p == ""class java.lang.String""",63,"['4', '6', '7', '31', '32', '52', '99', '103', '104', '105', '107', '108', '110', '127', '129', '130', '140', '150', '152', '156', '159', '166', '167', '168', '171', '173', '195', '198', '200', '201', '224', '259', '263', '265', '267', '278', '286', '288', '289', '306', '317', '319', '320', '335', '337', '339', '341', '342', '344', '345', '350', '351', '356', '391', '403', '414', '415', '416', '432', '434', '444', '446', '452']",16,"['36', '37', '40', '41', '61', '83', '84', '95', '300', '301', '302', '303', '304', '323', '418', '419']",63,"['4', '6', '7', '31', '32', '52', '99', '103', '104', '105', '107', '108', '110', '127', '129', '130', '140', '150', '152', '156', '159', '166', '167', '168', '171', '173', '195', '198', '200', '201', '224', '259', '263', '265', '267', '278', '286', '288', '289', '306', '317', '319', '320', '335', '337', '339', '341', '342', '344', '345', '350', '351', '356', '391', '403', '414', '415', '416', '432', '434', '444', '446', '452']",yes
93,12092,"size == ""0.0""","isEmpty == ""true""","peek_obj_type == ""emptyobject""","size_p == ""3""","isEmpty_p == ""False""","peek_obj_type_p == ""class java.lang.Boolean""",0,,24,"['40', '41', '106', '107', '108', '109', '125', '126', '127', '128', '129', '130', '196', '197', '198', '199', '200', '201', '338', '339', '340', '341', '418', '419']",0,,
94,12097,"size == ""5.0""","isEmpty == ""false""","peek_obj_type == ""class java.lang.boolean""","size_p == ""4""","isEmpty_p == ""False""","peek_obj_type_p == ""class java.lang.Class""",0,,0,,0,,
95,12098,"size == ""6.0""","isEmpty == ""false""","peek_obj_type == ""class experiment.drivers.alejastacktestdriver""","size_p == ""5""","isEmpty_p == ""False""","peek_obj_type_p == ""class java.lang.Boolean""",0,,1,['378'],0,,
96,12099,"size == ""7.0""","isEmpty == ""false""","peek_obj_type == ""class java.lang.class""","size_p == ""6""","isEmpty_p == ""False""","peek_obj_type_p == ""class experiment.drivers.AlejaStackTestDriver""",0,,1,['114'],0,,
97,12100,"size == ""0.0""","isEmpty == ""true""","peek_obj_type == ""emptyobject""","size_p == ""7""","isEmpty_p == ""False""","peek_obj_type_p == ""class java.lang.Class""",0,,24,"['40', '41', '106', '107', '108', '109', '125', '126', '127', '128', '129', '130', '196', '197', '198', '199', '200', '201', '338', '339', '340', '341', '418', '419']",0,,
98,12839,"size == ""1.0""","isEmpty == ""false""","peek_obj_type == ""class java.lang.boolean""","size_p == ""0""","isEmpty_p == ""True""","peek_obj_type_p == ""class java.lang.String""",0,,87,"['8', '9', '10', '11', '12', '13', '14', '15', '33', '34', '35', '38', '39', '42', '43', '44', '45', '46', '53', '54', '57', '58', '59', '60', '62', '63', '64', '65', '66', '67', '68', '69', '76', '77', '96', '97', '111', '112', '134', '135', '174', '175', '190', '191', '202', '205', '206', '258', '259', '307', '308', '309', '310', '311', '312', '313', '314', '315', '316', '336', '337', '367', '368', '392', '393', '394', '395', '396', '397', '420', '421', '422', '423', '424', '425', '426', '427', '428', '429', '447', '448', '449', '450', '451', '452', '453', '454']",0,,
99,12840,"size == ""0.0""","isEmpty == ""true""","peek_obj_type == ""emptyobject""","size_p == ""1""","isEmpty_p == ""False""","peek_obj_type_p == ""class java.lang.Boolean""",0,,68,"['2', '3', '4', '5', '6', '7', '30', '31', '40', '41', '61', '83', '84', '95', '106', '107', '108', '109', '110', '125', '126', '127', '128', '129', '130', '153', '154', '155', '156', '157', '160', '169', '170', '171', '172', '173', '196', '197', '198', '199', '200', '201', '300', '301', '302', '303', '304', '323', '338', '339', '340', '341', '342', '343', '344', '345', '349', '350', '351', '352', '417', '418', '419', '430', '431', '432', '433', '434']",0,,
100,15387,"size == ""4.0""","isEmpty == ""false""","peek_obj_type == ""class java.lang.integer""","size_p == ""3""","isEmpty_p == ""False""","peek_obj_type_p == ""class java.lang.Class""",0,,0,,0,,
101,15388,"size == ""0.0""","isEmpty == ""true""","peek_obj_type == ""emptyobject""","size_p == ""4""","isEmpty_p == ""False""","peek_obj_type_p == ""class java.lang.Integer""",0,,24,"['40', '41', '106', '107', '108', '109', '125', '126', '127', '128', '129', '130', '196', '197', '198', '199', '200', '201', '338', '339', '340', '341', '418', '419']",0,,
102,16797,"size == ""4.0""","isEmpty == ""false""","peek_obj_type == ""class experiment.drivers.alejastacktestdriver""","size_p == ""5""","isEmpty_p == ""False""","peek_obj_type_p == ""class java.lang.Class""",0,,1,['378'],0,,
103,17888,"size == ""1.0""","isEmpty == ""false""","peek_obj_type == ""class java.lang.object""","size_p == ""0""","isEmpty_p == ""True""","peek_obj_type_p == ""class java.lang.String""",0,,87,"['8', '9', '10', '11', '12', '13', '14', '15', '33', '34', '35', '38', '39', '42', '43', '44', '45', '46', '53', '54', '57', '58', '59', '60', '62', '63', '64', '65', '66', '67', '68', '69', '76', '77', '96', '97', '111', '112', '134', '135', '174', '175', '190', '191', '202', '205', '206', '258', '259', '307', '308', '309', '310', '311', '312', '313', '314', '315', '316', '336', '337', '367', '368', '392', '393', '394', '395', '396', '397', '420', '421', '422', '423', '424', '425', '426', '427', '428', '429', '447', '448', '449', '450', '451', '452', '453', '454']",0,,
104,17889,"size == ""0.0""","isEmpty == ""true""","peek_obj_type == ""emptyobject""","size_p == ""1""","isEmpty_p == ""False""","peek_obj_type_p == ""class java.lang.Object""",0,,68,"['2', '3', '4', '5', '6', '7', '30', '31', '40', '41', '61', '83', '84', '95', '106', '107', '108', '109', '110', '125', '126', '127', '128', '129', '130', '153', '154', '155', '156', '157', '160', '169', '170', '171', '172', '173', '196', '197', '198', '199', '200', '201', '300', '301', '302', '303', '304', '323', '338', '339', '340', '341', '342', '343', '344', '345', '349', '350', '351', '352', '417', '418', '419', '430', '431', '432', '433', '434']",0,,
105,17939,"size == ""3.0""","isEmpty == ""false""","peek_obj_type == ""class experiment.drivers.alejastacktestdriver""","size_p == ""4""","isEmpty_p == ""False""","peek_obj_type_p == ""class java.lang.Class""",0,,1,['378'],0,,
106,18761,"size == ""4.0""","isEmpty == ""false""","peek_obj_type == ""class experiment.drivers.alejastacktestdriver""","size_p == ""3""","isEmpty_p == ""False""","peek_obj_type_p == ""class java.lang.Byte""",0,,1,['378'],0,,
107,21204,"size == ""5.0""","isEmpty == ""false""","peek_obj_type == ""class experiment.drivers.alejastacktestdriver""","size_p == ""4""","isEmpty_p == ""False""","peek_obj_type_p == ""class java.lang.Long""",0,,1,['378'],0,,
108,22176,"size == ""3.0""","isEmpty == ""false""","peek_obj_type == ""class java.lang.float""","size_p == ""4""","isEmpty_p == ""False""","peek_obj_type_p == ""class experiment.drivers.AlejaStackTestDriver""",0,,1,['114'],0,,
109,25670,"size == ""3.0""","isEmpty == ""false""","peek_obj_type == ""class java.lang.long""","size_p == ""4""","isEmpty_p == ""False""","peek_obj_type_p == ""class java.lang.Long""",0,,0,,0,,
110,25793,"size == ""4.0""","isEmpty == ""false""","peek_obj_type == ""class java.lang.class""","size_p == ""3""","isEmpty_p == ""False""","peek_obj_type_p == ""class java.lang.Long""",0,,0,,0,,
111,25794,"size == ""3.0""","isEmpty == ""false""","peek_obj_type == ""class java.lang.long""","size_p == ""4""","isEmpty_p == ""False""","peek_obj_type_p == ""class java.lang.Class""",0,,0,,0,,
112,26742,"size == ""4.0""","isEmpty == ""false""","peek_obj_type == ""class java.lang.double""","size_p == ""3""","isEmpty_p == ""False""","peek_obj_type_p == ""class java.lang.Class""",0,,0,,0,,
113,27002,"size == ""8.0""","isEmpty == ""false""","peek_obj_type == ""class java.lang.character""","size_p == ""7""","isEmpty_p == ""False""","peek_obj_type_p == ""class experiment.drivers.AlejaStackTestDriver""",0,,1,['114'],0,,
114,27003,"size == ""7.0""","isEmpty == ""false""","peek_obj_type == ""class experiment.drivers.alejastacktestdriver""","size_p == ""8""","isEmpty_p == ""False""","peek_obj_type_p == ""class java.lang.Character""",0,,1,['378'],0,,
115,27778,"size == ""3.0""","isEmpty == ""false""","peek_obj_type == ""class java.lang.double""","size_p == ""2""","isEmpty_p == ""True""","peek_obj_type_p == ""class java.lang.String""",20,"['15', '35', '63', '65', '69', '97', '135', '191', '206', '259', '308', '312', '316', '394', '396', '397', '449', '451', '452', '454']",4,"['53', '54', '336', '337']",20,"['15', '35', '63', '65', '69', '97', '135', '191', '206', '259', '308', '312', '316', '394', '396', '397', '449', '451', '452', '454']",yes
116,27779,"size == ""0.0""","isEmpty == ""true""","peek_obj_type == ""emptyobject""","size_p == ""3""","isEmpty_p == ""False""","peek_obj_type_p == ""class java.lang.Double""",0,,24,"['40', '41', '106', '107', '108', '109', '125', '126', '127', '128', '129', '130', '196', '197', '198', '199', '200', '201', '338', '339', '340', '341', '418', '419']",0,,
117,28298,"size == ""3.0""","isEmpty == ""false""","peek_obj_type == ""class java.lang.short""","size_p == ""2""","isEmpty_p == ""True""","peek_obj_type_p == ""class java.lang.String""",20,"['15', '35', '63', '65', '69', '97', '135', '191', '206', '259', '308', '312', '316', '394', '396', '397', '449', '451', '452', '454']",4,"['53', '54', '336', '337']",20,"['15', '35', '63', '65', '69', '97', '135', '191', '206', '259', '308', '312', '316', '394', '396', '397', '449', '451', '452', '454']",yes
118,28299,"size == ""2.0""","isEmpty == ""true""","peek_obj_type == ""emptyobject""","size_p == ""3""","isEmpty_p == ""False""","peek_obj_type_p == ""class java.lang.Short""",10,"['107', '108', '127', '129', '130', '198', '200', '201', '339', '341']",4,"['40', '41', '418', '419']",10,"['107', '108', '127', '129', '130', '198', '200', '201', '339', '341']",yes
119,28319,"size == ""0.0""","isEmpty == ""true""","peek_obj_type == ""emptyobject""","size_p == ""5""","isEmpty_p == ""False""","peek_obj_type_p == ""class java.lang.Short""",0,,24,"['40', '41', '106', '107', '108', '109', '125', '126', '127', '128', '129', '130', '196', '197', '198', '199', '200', '201', '338', '339', '340', '341', '418', '419']",0,,
120,29785,"size == ""6.0""","isEmpty == ""false""","peek_obj_type == ""class experiment.drivers.alejastacktestdriver""","size_p == ""7""","isEmpty_p == ""False""","peek_obj_type_p == ""class experiment.drivers.AlejaStackTestDriver""",0,,2,"['114', '378']",0,,
121,31115,"size == ""4.0""","isEmpty == ""false""","peek_obj_type == ""class java.lang.long""","size_p == ""3""","isEmpty_p == ""False""","peek_obj_type_p == ""class java.lang.Boolean""",0,,0,,0,,
122,32897,"size == ""2.0""","isEmpty == ""true""","peek_obj_type == ""emptyobject""","size_p == ""3""","isEmpty_p == ""False""","peek_obj_type_p == ""class java.lang.Character""",10,"['107', '108', '127', '129', '130', '198', '200', '201', '339', '341']",4,"['40', '41', '418', '419']",10,"['107', '108', '127', '129', '130', '198', '200', '201', '339', '341']",yes
123,33452,"size == ""6.0""","isEmpty == ""false""","peek_obj_type == ""class experiment.drivers.alejastacktestdriver""","size_p == ""5""","isEmpty_p == ""False""","peek_obj_type_p == ""class java.lang.Short""",0,,1,['378'],0,,
124,33680,"size == ""4.0""","isEmpty == ""false""","peek_obj_type == ""class java.lang.class""","size_p == ""3""","isEmpty_p == ""False""","peek_obj_type_p == ""class java.lang.Boolean""",0,,0,,0,,
125,34057,"size == ""0.0""","isEmpty == ""true""","peek_obj_type == ""emptyobject""","size_p == ""5""","isEmpty_p == ""False""","peek_obj_type_p == ""class java.lang.Boolean""",0,,24,"['40', '41', '106', '107', '108', '109', '125', '126', '127', '128', '129', '130', '196', '197', '198', '199', '200', '201', '338', '339', '340', '341', '418', '419']",0,,
126,34637,"size == ""4.0""","isEmpty == ""false""","peek_obj_type == ""class java.lang.long""","size_p == ""3""","isEmpty_p == ""False""","peek_obj_type_p == ""class java.lang.Class""",0,,0,,0,,
127,37525,"size == ""0.0""","isEmpty == ""true""","peek_obj_type == ""emptyobject""","size_p == ""3""","isEmpty_p == ""False""","peek_obj_type_p == ""class java.lang.Short""",0,,24,"['40', '41', '106', '107', '108', '109', '125', '126', '127', '128', '129', '130', '196', '197', '198', '199', '200', '201', '338', '339', '340', '341', '418', '419']",0,,
128,38454,"size == ""4.0""","isEmpty == ""false""","peek_obj_type == ""class java.lang.long""","size_p == ""3""","isEmpty_p == ""False""","peek_obj_type_p == ""class experiment.drivers.AlejaStackTestDriver""",0,,1,['114'],0,,
129,38455,"size == ""3.0""","isEmpty == ""false""","peek_obj_type == ""class experiment.drivers.alejastacktestdriver""","size_p == ""4""","isEmpty_p == ""False""","peek_obj_type_p == ""class java.lang.Long""",0,,1,['378'],0,,
130,38544,"size == ""2.0""","isEmpty == ""true""","peek_obj_type == ""emptyobject""","size_p == ""1""","isEmpty_p == ""False""","peek_obj_type_p == ""class java.lang.Character""",25,"['4', '6', '7', '31', '107', '108', '110', '127', '129', '130', '156', '171', '173', '198', '200', '201', '339', '341', '342', '344', '345', '350', '351', '432', '434']",14,"['40', '41', '61', '83', '84', '95', '300', '301', '302', '303', '304', '323', '418', '419']",25,"['4', '6', '7', '31', '107', '108', '110', '127', '129', '130', '156', '171', '173', '198', '200', '201', '339', '341', '342', '344', '345', '350', '351', '432', '434']",yes
131,40825,"size == ""4.0""","isEmpty == ""false""","peek_obj_type == ""class java.lang.float""","size_p == ""3""","isEmpty_p == ""False""","peek_obj_type_p == ""class java.lang.Float""",0,,0,,0,,
132,40826,"size == ""0.0""","isEmpty == ""true""","peek_obj_type == ""emptyobject""","size_p == ""4""","isEmpty_p == ""False""","peek_obj_type_p == ""class java.lang.Float""",0,,24,"['40', '41', '106', '107', '108', '109', '125', '126', '127', '128', '129', '130', '196', '197', '198', '199', '200', '201', '338', '339', '340', '341', '418', '419']",0,,
133,41055,"size == ""3.0""","isEmpty == ""false""","peek_obj_type == ""class java.lang.float""","size_p == ""4""","isEmpty_p == ""False""","peek_obj_type_p == ""class java.lang.Float""",0,,0,,0,,
134,41736,"size == ""5.0""","isEmpty == ""false""","peek_obj_type == ""class java.lang.boolean""","size_p == ""6""","isEmpty_p == ""False""","peek_obj_type_p == ""class experiment.drivers.AlejaStackTestDriver""",0,,1,['114'],0,,
135,42893,"size == ""4.0""","isEmpty == ""false""","peek_obj_type == ""class java.lang.class""","size_p == ""5""","isEmpty_p == ""False""","peek_obj_type_p == ""class java.lang.Boolean""",0,,0,,0,,
136,44005,"size == ""4.0""","isEmpty == ""false""","peek_obj_type == ""class java.lang.long""","size_p == ""5""","isEmpty_p == ""False""","peek_obj_type_p == ""class experiment.drivers.AlejaStackTestDriver""",0,,1,['114'],0,,
137,44614,"size == ""3.0""","isEmpty == ""false""","peek_obj_type == ""class experiment.drivers.alejastacktestdriver""","size_p == ""4""","isEmpty_p == ""False""","peek_obj_type_p == ""class java.lang.Double""",0,,1,['378'],0,,
138,48300,"size == ""0.0""","isEmpty == ""true""","peek_obj_type == ""emptyobject""","size_p == ""8""","isEmpty_p == ""False""","peek_obj_type_p == ""class java.lang.Character""",0,,24,"['40', '41', '106', '107', '108', '109', '125', '126', '127', '128', '129', '130', '196', '197', '198', '199', '200', '201', '338', '339', '340', '341', '418', '419']",0,,
139,52940,"size == ""4.0""","isEmpty == ""false""","peek_obj_type == ""class java.lang.string""","size_p == ""3""","isEmpty_p == ""False""","peek_obj_type_p == ""class java.lang.Class""",0,,0,,0,,
140,52941,"size == ""0.0""","isEmpty == ""true""","peek_obj_type == ""emptyobject""","size_p == ""4""","isEmpty_p == ""False""","peek_obj_type_p == ""class java.lang.String""",60,"['32', '52', '56', '99', '103', '104', '105', '113', '138', '139', '140', '147', '148', '149', '150', '151', '152', '166', '167', '168', '195', '222', '223', '224', '226', '259', '263', '264', '265', '266', '267', '268', '269', '277', '278', '279', '283', '284', '285', '286', '287', '288', '289', '335', '337', '356', '376', '377', '389', '390', '391', '403', '414', '415', '416', '442', '443', '444', '446', '452']",36,"['36', '37', '40', '41', '106', '107', '108', '109', '125', '126', '127', '128', '129', '130', '158', '159', '196', '197', '198', '199', '200', '201', '305', '306', '317', '318', '319', '320', '321', '322', '338', '339', '340', '341', '418', '419']",60,"['32', '52', '56', '99', '103', '104', '105', '113', '138', '139', '140', '147', '148', '149', '150', '151', '152', '166', '167', '168', '195', '222', '223', '224', '226', '259', '263', '264', '265', '266', '267', '268', '269', '277', '278', '279', '283', '284', '285', '286', '287', '288', '289', '335', '337', '356', '376', '377', '389', '390', '391', '403', '414', '415', '416', '442', '443', '444', '446', '452']",
141,65215,"size == ""6.0""","isEmpty == ""false""","peek_obj_type == ""class java.lang.class""","size_p == ""5""","isEmpty_p == ""False""","peek_obj_type_p == ""class experiment.drivers.AlejaStackTestDriver""",0,,1,['114'],0,,
142,65216,"size == ""5.0""","isEmpty == ""false""","peek_obj_type == ""class experiment.drivers.alejastacktestdriver""","size_p == ""6""","isEmpty_p == ""False""","peek_obj_type_p == ""class java.lang.Class""",0,,1,['378'],0,,
143,70152,"size == ""4.0""","isEmpty == ""false""","peek_obj_type == ""class experiment.drivers.alejastacktestdriver""","size_p == ""3""","isEmpty_p == ""False""","peek_obj_type_p == ""class java.lang.Double""",0,,1,['378'],0,,
144,70396,"size == ""0.0""","isEmpty == ""true""","peek_obj_type == ""emptyobject""","size_p == ""6""","isEmpty_p == ""False""","peek_obj_type_p == ""class java.lang.Class""",0,,24,"['40', '41', '106', '107', '108', '109', '125', '126', '127', '128', '129', '130', '196', '197', '198', '199', '200', '201', '338', '339', '340', '341', '418', '419']",0,,
145,73355,"size == ""4.0""","isEmpty == ""false""","peek_obj_type == ""class java.lang.byte""","size_p == ""3""","isEmpty_p == ""False""","peek_obj_type_p == ""class experiment.drivers.AlejaStackTestDriver""",0,,1,['114'],0,,
146,73356,"size == ""0.0""","isEmpty == ""true""","peek_obj_type == ""emptyobject""","size_p == ""4""","isEmpty_p == ""False""","peek_obj_type_p == ""class java.lang.Byte""",0,,24,"['40', '41', '106', '107', '108', '109', '125', '126', '127', '128', '129', '130', '196', '197', '198', '199', '200', '201', '338', '339', '340', '341', '418', '419']",0,,
147,77321,"size == ""5.0""","isEmpty == ""false""","peek_obj_type == ""class java.lang.float""","size_p == ""4""","isEmpty_p == ""False""","peek_obj_type_p == ""class experiment.drivers.AlejaStackTestDriver""",0,,1,['114'],0,,
148,77322,"size == ""0.0""","isEmpty == ""true""","peek_obj_type == ""emptyobject""","size_p == ""5""","isEmpty_p == ""False""","peek_obj_type_p == ""class java.lang.Float""",0,,24,"['40', '41', '106', '107', '108', '109', '125', '126', '127', '128', '129', '130', '196', '197', '198', '199', '200', '201', '338', '339', '340', '341', '418', '419']",0,,
