,Unnamed: 0,size,isEmpty,peek_obj_type,calledMethod,size_p,isEmpty_p,peek_obj_type_p,calledMethod_p,Matched_LHS,RuleMatched_LHS,Matched,RuleMatched,Violated,RuleViolated
0,0,"size == ""0.0""","isEmpty == ""true""","peek_obj_type == ""emptyobject""","calledMethod == ""CTOR""","size_p == ""0""","isEmpty_p == ""True""","peek_obj_type_p == ""class java.lang.String""","calledMethod_p == ""CTOR""",0,,0,,0,
1,1,"size == ""1.0""","isEmpty == ""false""","peek_obj_type == ""class java.lang.float""","calledMethod == ""push""","size_p == ""0""","isEmpty_p == ""True""","peek_obj_type_p == ""class java.lang.String""","calledMethod_p == ""CTOR""",0,,6,"['0', '1', '8', '9', '10', '11']",0,
2,2,"size == ""0.0""","isEmpty == ""true""","peek_obj_type == ""emptyobject""","calledMethod == ""pop""","size_p == ""1""","isEmpty_p == ""False""","peek_obj_type_p == ""class java.lang.Float""","calledMethod_p == ""push""",0,,0,,0,
3,3,"size == ""0.0""","isEmpty == ""true""","peek_obj_type == ""emptyobject""","calledMethod == ""clear""","size_p == ""0""","isEmpty_p == ""True""","peek_obj_type_p == ""class java.lang.String""","calledMethod_p == ""pop""",0,,6,"['12', '13', '14', '15', '16', '17']",0,
4,4,"size == ""0.0""","isEmpty == ""true""","peek_obj_type == ""emptyobject""","calledMethod == ""clear""","size_p == ""0""","isEmpty_p == ""True""","peek_obj_type_p == ""class java.lang.String""","calledMethod_p == ""clear""",0,,6,"['12', '13', '14', '15', '16', '17']",0,
5,6,"size == ""0.0""","isEmpty == ""true""","peek_obj_type == ""emptyobject""","calledMethod == ""CTOR""","size_p == ""0""","isEmpty_p == ""True""","peek_obj_type_p == ""class java.lang.String""","calledMethod_p == ""clear""",0,,0,,0,
6,7,"size == ""0.0""","isEmpty == ""true""","peek_obj_type == ""emptyobject""","calledMethod == ""clear""","size_p == ""0""","isEmpty_p == ""True""","peek_obj_type_p == ""class java.lang.String""","calledMethod_p == ""CTOR""",0,,6,"['12', '13', '14', '15', '16', '17']",0,
7,8,"size == ""1.0""","isEmpty == ""false""","peek_obj_type == ""class java.lang.class""","calledMethod == ""push""","size_p == ""0""","isEmpty_p == ""True""","peek_obj_type_p == ""class java.lang.String""","calledMethod_p == ""clear""",0,,6,"['2', '3', '4', '5', '6', '7']",0,
8,9,"size == ""0.0""","isEmpty == ""true""","peek_obj_type == ""emptyobject""","calledMethod == ""CTOR""","size_p == ""1""","isEmpty_p == ""False""","peek_obj_type_p == ""class java.lang.Class""","calledMethod_p == ""push""",0,,0,,0,
9,12,"size == ""1.0""","isEmpty == ""false""","peek_obj_type == ""class java.lang.short""","calledMethod == ""push""","size_p == ""0""","isEmpty_p == ""True""","peek_obj_type_p == ""class java.lang.String""","calledMethod_p == ""pop""",0,,0,,0,
10,13,"size == ""2.0""","isEmpty == ""true""","peek_obj_type == ""emptyobject""","calledMethod == ""push""","size_p == ""1""","isEmpty_p == ""False""","peek_obj_type_p == ""class java.lang.Short""","calledMethod_p == ""push""",0,,0,,0,
11,14,"size == ""3.0""","isEmpty == ""false""","peek_obj_type == ""class experiment.drivers.alejastacktestdriver""","calledMethod == ""push""","size_p == ""2""","isEmpty_p == ""True""","peek_obj_type_p == ""class java.lang.String""","calledMethod_p == ""push""",0,,0,,0,
12,15,"size == ""2.0""","isEmpty == ""true""","peek_obj_type == ""emptyobject""","calledMethod == ""pop""","size_p == ""3""","isEmpty_p == ""False""","peek_obj_type_p == ""class experiment.drivers.AlejaStackTestDriver""","calledMethod_p == ""push""",0,,0,,0,
13,16,"size == ""0.0""","isEmpty == ""true""","peek_obj_type == ""emptyobject""","calledMethod == ""CTOR""","size_p == ""2""","isEmpty_p == ""True""","peek_obj_type_p == ""class java.lang.String""","calledMethod_p == ""pop""",0,,0,,0,
14,20,"size == ""1.0""","isEmpty == ""false""","peek_obj_type == ""class java.lang.long""","calledMethod == ""push""","size_p == ""0""","isEmpty_p == ""True""","peek_obj_type_p == ""class java.lang.String""","calledMethod_p == ""clear""",0,,6,"['2', '3', '4', '5', '6', '7']",0,
15,21,"size == ""0.0""","isEmpty == ""true""","peek_obj_type == ""emptyobject""","calledMethod == ""CTOR""","size_p == ""1""","isEmpty_p == ""False""","peek_obj_type_p == ""class java.lang.Long""","calledMethod_p == ""push""",0,,0,,0,
16,23,"size == ""2.0""","isEmpty == ""true""","peek_obj_type == ""emptyobject""","calledMethod == ""push""","size_p == ""1""","isEmpty_p == ""False""","peek_obj_type_p == ""class java.lang.Float""","calledMethod_p == ""push""",0,,0,,0,
17,24,"size == ""3.0""","isEmpty == ""false""","peek_obj_type == ""class java.lang.long""","calledMethod == ""push""","size_p == ""2""","isEmpty_p == ""True""","peek_obj_type_p == ""class java.lang.String""","calledMethod_p == ""push""",0,,0,,0,
18,25,"size == ""4.0""","isEmpty == ""false""","peek_obj_type == ""class java.lang.long""","calledMethod == ""push""","size_p == ""3""","isEmpty_p == ""False""","peek_obj_type_p == ""class java.lang.Long""","calledMethod_p == ""push""",0,,0,,0,
19,26,"size == ""0.0""","isEmpty == ""true""","peek_obj_type == ""emptyobject""","calledMethod == ""CTOR""","size_p == ""4""","isEmpty_p == ""False""","peek_obj_type_p == ""class java.lang.Long""","calledMethod_p == ""push""",0,,0,,0,
20,29,"size == ""0.0""","isEmpty == ""true""","peek_obj_type == ""emptyobject""","calledMethod == ""clear""","size_p == ""2""","isEmpty_p == ""True""","peek_obj_type_p == ""class java.lang.String""","calledMethod_p == ""push""",1,['17'],0,,1,['17']
21,42,"size == ""0.0""","isEmpty == ""true""","peek_obj_type == ""emptyobject""","calledMethod == ""clear""","size_p == ""1""","isEmpty_p == ""False""","peek_obj_type_p == ""class java.lang.Class""","calledMethod_p == ""push""",0,,0,,0,
22,45,"size == ""2.0""","isEmpty == ""true""","peek_obj_type == ""emptyobject""","calledMethod == ""push""","size_p == ""1""","isEmpty_p == ""False""","peek_obj_type_p == ""class java.lang.Class""","calledMethod_p == ""push""",0,,0,,0,
23,62,"size == ""3.0""","isEmpty == ""false""","peek_obj_type == ""class java.lang.byte""","calledMethod == ""push""","size_p == ""2""","isEmpty_p == ""True""","peek_obj_type_p == ""class java.lang.String""","calledMethod_p == ""push""",0,,0,,0,
24,63,"size == ""0.0""","isEmpty == ""true""","peek_obj_type == ""emptyobject""","calledMethod == ""clear""","size_p == ""3""","isEmpty_p == ""False""","peek_obj_type_p == ""class java.lang.Byte""","calledMethod_p == ""push""",0,,0,,0,
25,64,"size == ""1.0""","isEmpty == ""false""","peek_obj_type == ""class experiment.drivers.alejastacktestdriver""","calledMethod == ""push""","size_p == ""0""","isEmpty_p == ""True""","peek_obj_type_p == ""class java.lang.String""","calledMethod_p == ""clear""",0,,6,"['2', '3', '4', '5', '6', '7']",0,
26,65,"size == ""0.0""","isEmpty == ""true""","peek_obj_type == ""emptyobject""","calledMethod == ""CTOR""","size_p == ""1""","isEmpty_p == ""False""","peek_obj_type_p == ""class experiment.drivers.AlejaStackTestDriver""","calledMethod_p == ""push""",0,,0,,0,
27,70,"size == ""2.0""","isEmpty == ""true""","peek_obj_type == ""emptyobject""","calledMethod == ""push""","size_p == ""1""","isEmpty_p == ""False""","peek_obj_type_p == ""class java.lang.Long""","calledMethod_p == ""push""",0,,0,,0,
28,74,"size == ""0.0""","isEmpty == ""true""","peek_obj_type == ""emptyobject""","calledMethod == ""CTOR""","size_p == ""2""","isEmpty_p == ""True""","peek_obj_type_p == ""class java.lang.String""","calledMethod_p == ""push""",0,,0,,0,
29,99,"size == ""1.0""","isEmpty == ""false""","peek_obj_type == ""class java.lang.string""","calledMethod == ""push""","size_p == ""0""","isEmpty_p == ""True""","peek_obj_type_p == ""class java.lang.String""","calledMethod_p == ""pop""",0,,0,,0,
30,100,"size == ""0.0""","isEmpty == ""true""","peek_obj_type == ""emptyobject""","calledMethod == ""CTOR""","size_p == ""1""","isEmpty_p == ""False""","peek_obj_type_p == ""class java.lang.String""","calledMethod_p == ""push""",0,,0,,0,
31,103,"size == ""1.0""","isEmpty == ""false""","peek_obj_type == ""class java.lang.byte""","calledMethod == ""push""","size_p == ""0""","isEmpty_p == ""True""","peek_obj_type_p == ""class java.lang.String""","calledMethod_p == ""pop""",0,,0,,0,
32,104,"size == ""2.0""","isEmpty == ""true""","peek_obj_type == ""emptyobject""","calledMethod == ""push""","size_p == ""1""","isEmpty_p == ""False""","peek_obj_type_p == ""class java.lang.Byte""","calledMethod_p == ""push""",0,,0,,0,
33,105,"size == ""3.0""","isEmpty == ""false""","peek_obj_type == ""class java.lang.class""","calledMethod == ""push""","size_p == ""2""","isEmpty_p == ""True""","peek_obj_type_p == ""class java.lang.String""","calledMethod_p == ""push""",0,,0,,0,
34,106,"size == ""2.0""","isEmpty == ""true""","peek_obj_type == ""emptyobject""","calledMethod == ""pop""","size_p == ""3""","isEmpty_p == ""False""","peek_obj_type_p == ""class java.lang.Class""","calledMethod_p == ""push""",0,,0,,0,
35,112,"size == ""2.0""","isEmpty == ""true""","peek_obj_type == ""emptyobject""","calledMethod == ""push""","size_p == ""1""","isEmpty_p == ""False""","peek_obj_type_p == ""class experiment.drivers.AlejaStackTestDriver""","calledMethod_p == ""push""",0,,0,,0,
36,117,"size == ""2.0""","isEmpty == ""true""","peek_obj_type == ""emptyobject""","calledMethod == ""pop""","size_p == ""3""","isEmpty_p == ""False""","peek_obj_type_p == ""class java.lang.Byte""","calledMethod_p == ""push""",0,,0,,0,
37,118,"size == ""0.0""","isEmpty == ""true""","peek_obj_type == ""emptyobject""","calledMethod == ""clear""","size_p == ""2""","isEmpty_p == ""True""","peek_obj_type_p == ""class java.lang.String""","calledMethod_p == ""pop""",1,['17'],0,,1,['17']
38,143,"size == ""0.0""","isEmpty == ""true""","peek_obj_type == ""emptyobject""","calledMethod == ""clear""","size_p == ""3""","isEmpty_p == ""False""","peek_obj_type_p == ""class java.lang.Long""","calledMethod_p == ""push""",0,,0,,0,
39,193,"size == ""0.0""","isEmpty == ""true""","peek_obj_type == ""emptyobject""","calledMethod == ""CTOR""","size_p == ""3""","isEmpty_p == ""False""","peek_obj_type_p == ""class experiment.drivers.AlejaStackTestDriver""","calledMethod_p == ""push""",0,,0,,0,
40,197,"size == ""2.0""","isEmpty == ""true""","peek_obj_type == ""emptyobject""","calledMethod == ""pop""","size_p == ""3""","isEmpty_p == ""False""","peek_obj_type_p == ""class java.lang.Long""","calledMethod_p == ""push""",0,,0,,0,
41,204,"size == ""0.0""","isEmpty == ""true""","peek_obj_type == ""emptyobject""","calledMethod == ""clear""","size_p == ""1""","isEmpty_p == ""False""","peek_obj_type_p == ""class java.lang.Float""","calledMethod_p == ""push""",0,,0,,0,
42,208,"size == ""0.0""","isEmpty == ""true""","peek_obj_type == ""emptyobject""","calledMethod == ""pop""","size_p == ""1""","isEmpty_p == ""False""","peek_obj_type_p == ""class java.lang.Class""","calledMethod_p == ""push""",0,,0,,0,
43,209,"size == ""1.0""","isEmpty == ""false""","peek_obj_type == ""class experiment.drivers.alejastacktestdriver""","calledMethod == ""push""","size_p == ""0""","isEmpty_p == ""True""","peek_obj_type_p == ""class java.lang.String""","calledMethod_p == ""pop""",0,,0,,0,
44,220,"size == ""0.0""","isEmpty == ""true""","peek_obj_type == ""emptyobject""","calledMethod == ""clear""","size_p == ""1""","isEmpty_p == ""False""","peek_obj_type_p == ""class experiment.drivers.AlejaStackTestDriver""","calledMethod_p == ""push""",0,,0,,0,
45,231,"size == ""0.0""","isEmpty == ""true""","peek_obj_type == ""emptyobject""","calledMethod == ""pop""","size_p == ""1""","isEmpty_p == ""False""","peek_obj_type_p == ""class java.lang.Short""","calledMethod_p == ""push""",0,,0,,0,
46,284,"size == ""3.0""","isEmpty == ""false""","peek_obj_type == ""class java.lang.float""","calledMethod == ""push""","size_p == ""2""","isEmpty_p == ""True""","peek_obj_type_p == ""class java.lang.String""","calledMethod_p == ""push""",0,,0,,0,
47,285,"size == ""0.0""","isEmpty == ""true""","peek_obj_type == ""emptyobject""","calledMethod == ""clear""","size_p == ""3""","isEmpty_p == ""False""","peek_obj_type_p == ""class java.lang.Float""","calledMethod_p == ""push""",0,,0,,0,
48,290,"size == ""1.0""","isEmpty == ""false""","peek_obj_type == ""class java.lang.integer""","calledMethod == ""push""","size_p == ""0""","isEmpty_p == ""True""","peek_obj_type_p == ""class java.lang.String""","calledMethod_p == ""clear""",0,,6,"['2', '3', '4', '5', '6', '7']",0,
49,291,"size == ""2.0""","isEmpty == ""true""","peek_obj_type == ""emptyobject""","calledMethod == ""push""","size_p == ""1""","isEmpty_p == ""False""","peek_obj_type_p == ""class java.lang.Integer""","calledMethod_p == ""push""",0,,0,,0,
50,309,"size == ""3.0""","isEmpty == ""false""","peek_obj_type == ""class experiment.drivers.alejastacktestdriver""","calledMethod == ""push""","size_p == ""2""","isEmpty_p == ""True""","peek_obj_type_p == ""class java.lang.String""","calledMethod_p == ""pop""",0,,0,,0,
51,344,"size == ""0.0""","isEmpty == ""true""","peek_obj_type == ""emptyobject""","calledMethod == ""pop""","size_p == ""1""","isEmpty_p == ""False""","peek_obj_type_p == ""class experiment.drivers.AlejaStackTestDriver""","calledMethod_p == ""push""",0,,0,,0,
52,345,"size == ""0.0""","isEmpty == ""true""","peek_obj_type == ""emptyobject""","calledMethod == ""CTOR""","size_p == ""0""","isEmpty_p == ""True""","peek_obj_type_p == ""class java.lang.String""","calledMethod_p == ""pop""",0,,0,,0,
53,356,"size == ""1.0""","isEmpty == ""false""","peek_obj_type == ""class java.lang.double""","calledMethod == ""push""","size_p == ""0""","isEmpty_p == ""True""","peek_obj_type_p == ""class java.lang.String""","calledMethod_p == ""clear""",0,,6,"['2', '3', '4', '5', '6', '7']",0,
54,357,"size == ""0.0""","isEmpty == ""true""","peek_obj_type == ""emptyobject""","calledMethod == ""clear""","size_p == ""1""","isEmpty_p == ""False""","peek_obj_type_p == ""class java.lang.Double""","calledMethod_p == ""push""",0,,0,,0,
55,364,"size == ""0.0""","isEmpty == ""true""","peek_obj_type == ""emptyobject""","calledMethod == ""pop""","size_p == ""1""","isEmpty_p == ""False""","peek_obj_type_p == ""class java.lang.String""","calledMethod_p == ""push""",0,,0,,0,
56,367,"size == ""1.0""","isEmpty == ""false""","peek_obj_type == ""class java.lang.byte""","calledMethod == ""push""","size_p == ""0""","isEmpty_p == ""True""","peek_obj_type_p == ""class java.lang.String""","calledMethod_p == ""clear""",0,,6,"['2', '3', '4', '5', '6', '7']",0,
57,368,"size == ""0.0""","isEmpty == ""true""","peek_obj_type == ""emptyobject""","calledMethod == ""clear""","size_p == ""1""","isEmpty_p == ""False""","peek_obj_type_p == ""class java.lang.Byte""","calledMethod_p == ""push""",0,,0,,0,
58,377,"size == ""3.0""","isEmpty == ""false""","peek_obj_type == ""class java.lang.class""","calledMethod == ""push""","size_p == ""2""","isEmpty_p == ""True""","peek_obj_type_p == ""class java.lang.String""","calledMethod_p == ""pop""",0,,0,,0,
59,378,"size == ""0.0""","isEmpty == ""true""","peek_obj_type == ""emptyobject""","calledMethod == ""CTOR""","size_p == ""3""","isEmpty_p == ""False""","peek_obj_type_p == ""class java.lang.Class""","calledMethod_p == ""push""",0,,0,,0,
60,382,"size == ""4.0""","isEmpty == ""false""","peek_obj_type == ""class java.lang.class""","calledMethod == ""push""","size_p == ""3""","isEmpty_p == ""False""","peek_obj_type_p == ""class java.lang.Float""","calledMethod_p == ""push""",0,,0,,0,
61,383,"size == ""5.0""","isEmpty == ""false""","peek_obj_type == ""class experiment.drivers.alejastacktestdriver""","calledMethod == ""push""","size_p == ""4""","isEmpty_p == ""False""","peek_obj_type_p == ""class java.lang.Class""","calledMethod_p == ""push""",0,,0,,0,
62,384,"size == ""0.0""","isEmpty == ""true""","peek_obj_type == ""emptyobject""","calledMethod == ""CTOR""","size_p == ""5""","isEmpty_p == ""False""","peek_obj_type_p == ""class experiment.drivers.AlejaStackTestDriver""","calledMethod_p == ""push""",0,,0,,0,
63,395,"size == ""4.0""","isEmpty == ""false""","peek_obj_type == ""class java.lang.double""","calledMethod == ""push""","size_p == ""3""","isEmpty_p == ""False""","peek_obj_type_p == ""class experiment.drivers.AlejaStackTestDriver""","calledMethod_p == ""push""",0,,0,,0,
64,396,"size == ""5.0""","isEmpty == ""false""","peek_obj_type == ""class experiment.drivers.alejastacktestdriver""","calledMethod == ""push""","size_p == ""4""","isEmpty_p == ""False""","peek_obj_type_p == ""class java.lang.Double""","calledMethod_p == ""push""",0,,0,,0,
65,437,"size == ""3.0""","isEmpty == ""false""","peek_obj_type == ""class java.lang.boolean""","calledMethod == ""push""","size_p == ""2""","isEmpty_p == ""True""","peek_obj_type_p == ""class java.lang.String""","calledMethod_p == ""push""",0,,0,,0,
66,438,"size == ""2.0""","isEmpty == ""true""","peek_obj_type == ""emptyobject""","calledMethod == ""pop""","size_p == ""3""","isEmpty_p == ""False""","peek_obj_type_p == ""class java.lang.Boolean""","calledMethod_p == ""push""",0,,0,,0,
67,457,"size == ""0.0""","isEmpty == ""true""","peek_obj_type == ""emptyobject""","calledMethod == ""CTOR""","size_p == ""1""","isEmpty_p == ""False""","peek_obj_type_p == ""class java.lang.Byte""","calledMethod_p == ""push""",0,,0,,0,
68,470,"size == ""0.0""","isEmpty == ""true""","peek_obj_type == ""emptyobject""","calledMethod == ""clear""","size_p == ""3""","isEmpty_p == ""False""","peek_obj_type_p == ""class experiment.drivers.AlejaStackTestDriver""","calledMethod_p == ""push""",0,,0,,0,
69,471,"size == ""0.0""","isEmpty == ""true""","peek_obj_type == ""emptyobject""","calledMethod == ""pop""","size_p == ""0""","isEmpty_p == ""True""","peek_obj_type_p == ""class java.lang.String""","calledMethod_p == ""clear""",0,,0,,0,
70,487,"size == ""1.0""","isEmpty == ""false""","peek_obj_type == ""class java.lang.float""","calledMethod == ""push""","size_p == ""0""","isEmpty_p == ""True""","peek_obj_type_p == ""class java.lang.String""","calledMethod_p == ""clear""",0,,6,"['2', '3', '4', '5', '6', '7']",0,
71,592,"size == ""0.0""","isEmpty == ""true""","peek_obj_type == ""emptyobject""","calledMethod == ""clear""","size_p == ""1""","isEmpty_p == ""False""","peek_obj_type_p == ""class java.lang.Long""","calledMethod_p == ""push""",0,,0,,0,
72,637,"size == ""0.0""","isEmpty == ""true""","peek_obj_type == ""emptyobject""","calledMethod == ""CTOR""","size_p == ""3""","isEmpty_p == ""False""","peek_obj_type_p == ""class java.lang.Long""","calledMethod_p == ""push""",0,,0,,0,
73,641,"size == ""4.0""","isEmpty == ""false""","peek_obj_type == ""class java.lang.short""","calledMethod == ""push""","size_p == ""3""","isEmpty_p == ""False""","peek_obj_type_p == ""class java.lang.Long""","calledMethod_p == ""push""",0,,0,,0,
74,642,"size == ""0.0""","isEmpty == ""true""","peek_obj_type == ""emptyobject""","calledMethod == ""clear""","size_p == ""4""","isEmpty_p == ""False""","peek_obj_type_p == ""class java.lang.Short""","calledMethod_p == ""push""",0,,0,,0,
75,644,"size == ""0.0""","isEmpty == ""true""","peek_obj_type == ""emptyobject""","calledMethod == ""pop""","size_p == ""1""","isEmpty_p == ""False""","peek_obj_type_p == ""class java.lang.Long""","calledMethod_p == ""push""",0,,0,,0,
76,661,"size == ""0.0""","isEmpty == ""true""","peek_obj_type == ""emptyobject""","calledMethod == ""pop""","size_p == ""1""","isEmpty_p == ""False""","peek_obj_type_p == ""class java.lang.Double""","calledMethod_p == ""push""",0,,0,,0,
77,703,"size == ""1.0""","isEmpty == ""false""","peek_obj_type == ""class java.lang.class""","calledMethod == ""push""","size_p == ""0""","isEmpty_p == ""True""","peek_obj_type_p == ""class java.lang.String""","calledMethod_p == ""pop""",0,,0,,0,
78,758,"size == ""1.0""","isEmpty == ""false""","peek_obj_type == ""class java.lang.character""","calledMethod == ""push""","size_p == ""0""","isEmpty_p == ""True""","peek_obj_type_p == ""class java.lang.String""","calledMethod_p == ""clear""",0,,6,"['2', '3', '4', '5', '6', '7']",0,
79,759,"size == ""0.0""","isEmpty == ""true""","peek_obj_type == ""emptyobject""","calledMethod == ""CTOR""","size_p == ""1""","isEmpty_p == ""False""","peek_obj_type_p == ""class java.lang.Character""","calledMethod_p == ""push""",0,,0,,0,
80,1172,"size == ""0.0""","isEmpty == ""true""","peek_obj_type == ""emptyobject""","calledMethod == ""CTOR""","size_p == ""4""","isEmpty_p == ""False""","peek_obj_type_p == ""class java.lang.Class""","calledMethod_p == ""push""",0,,0,,0,
81,1203,"size == ""4.0""","isEmpty == ""false""","peek_obj_type == ""class java.lang.class""","calledMethod == ""push""","size_p == ""3""","isEmpty_p == ""False""","peek_obj_type_p == ""class experiment.drivers.AlejaStackTestDriver""","calledMethod_p == ""push""",0,,0,,0,
82,1204,"size == ""0.0""","isEmpty == ""true""","peek_obj_type == ""emptyobject""","calledMethod == ""clear""","size_p == ""4""","isEmpty_p == ""False""","peek_obj_type_p == ""class java.lang.Class""","calledMethod_p == ""push""",0,,0,,0,
83,1279,"size == ""0.0""","isEmpty == ""true""","peek_obj_type == ""emptyobject""","calledMethod == ""clear""","size_p == ""1""","isEmpty_p == ""False""","peek_obj_type_p == ""class java.lang.String""","calledMethod_p == ""push""",0,,0,,0,
84,1280,"size == ""1.0""","isEmpty == ""false""","peek_obj_type == ""class java.lang.short""","calledMethod == ""push""","size_p == ""0""","isEmpty_p == ""True""","peek_obj_type_p == ""class java.lang.String""","calledMethod_p == ""clear""",0,,6,"['2', '3', '4', '5', '6', '7']",0,
85,1281,"size == ""0.0""","isEmpty == ""true""","peek_obj_type == ""emptyobject""","calledMethod == ""clear""","size_p == ""1""","isEmpty_p == ""False""","peek_obj_type_p == ""class java.lang.Short""","calledMethod_p == ""push""",0,,0,,0,
86,1298,"size == ""6.0""","isEmpty == ""false""","peek_obj_type == ""class experiment.drivers.alejastacktestdriver""","calledMethod == ""push""","size_p == ""5""","isEmpty_p == ""False""","peek_obj_type_p == ""class experiment.drivers.AlejaStackTestDriver""","calledMethod_p == ""push""",0,,0,,0,
87,1299,"size == ""0.0""","isEmpty == ""true""","peek_obj_type == ""emptyobject""","calledMethod == ""CTOR""","size_p == ""6""","isEmpty_p == ""False""","peek_obj_type_p == ""class experiment.drivers.AlejaStackTestDriver""","calledMethod_p == ""push""",0,,0,,0,
88,1323,"size == ""0.0""","isEmpty == ""true""","peek_obj_type == ""emptyobject""","calledMethod == ""pop""","size_p == ""0""","isEmpty_p == ""True""","peek_obj_type_p == ""class java.lang.String""","calledMethod_p == ""pop""",0,,0,,0,
89,1372,"size == ""0.0""","isEmpty == ""true""","peek_obj_type == ""emptyobject""","calledMethod == ""clear""","size_p == ""1""","isEmpty_p == ""False""","peek_obj_type_p == ""class java.lang.Character""","calledMethod_p == ""push""",0,,0,,0,
90,1479,"size == ""0.0""","isEmpty == ""true""","peek_obj_type == ""emptyobject""","calledMethod == ""clear""","size_p == ""3""","isEmpty_p == ""False""","peek_obj_type_p == ""class java.lang.Class""","calledMethod_p == ""push""",0,,0,,0,
91,1577,"size == ""4.0""","isEmpty == ""false""","peek_obj_type == ""class experiment.drivers.alejastacktestdriver""","calledMethod == ""push""","size_p == ""3""","isEmpty_p == ""False""","peek_obj_type_p == ""class java.lang.Class""","calledMethod_p == ""push""",0,,0,,0,
92,1578,"size == ""5.0""","isEmpty == ""false""","peek_obj_type == ""class java.lang.class""","calledMethod == ""push""","size_p == ""4""","isEmpty_p == ""False""","peek_obj_type_p == ""class experiment.drivers.AlejaStackTestDriver""","calledMethod_p == ""push""",0,,0,,0,
93,1579,"size == ""0.0""","isEmpty == ""true""","peek_obj_type == ""emptyobject""","calledMethod == ""CTOR""","size_p == ""5""","isEmpty_p == ""False""","peek_obj_type_p == ""class java.lang.Class""","calledMethod_p == ""push""",0,,0,,0,
94,1611,"size == ""2.0""","isEmpty == ""true""","peek_obj_type == ""emptyobject""","calledMethod == ""pop""","size_p == ""2""","isEmpty_p == ""True""","peek_obj_type_p == ""class java.lang.String""","calledMethod_p == ""push""",0,,0,,0,
95,1617,"size == ""0.0""","isEmpty == ""true""","peek_obj_type == ""emptyobject""","calledMethod == ""CTOR""","size_p == ""1""","isEmpty_p == ""False""","peek_obj_type_p == ""class java.lang.Float""","calledMethod_p == ""push""",0,,0,,0,
96,1637,"size == ""0.0""","isEmpty == ""true""","peek_obj_type == ""emptyobject""","calledMethod == ""pop""","size_p == ""1""","isEmpty_p == ""False""","peek_obj_type_p == ""class java.lang.Integer""","calledMethod_p == ""push""",0,,0,,0,
97,1705,"size == ""0.0""","isEmpty == ""true""","peek_obj_type == ""emptyobject""","calledMethod == ""CTOR""","size_p == ""4""","isEmpty_p == ""False""","peek_obj_type_p == ""class experiment.drivers.AlejaStackTestDriver""","calledMethod_p == ""push""",0,,0,,0,
98,2070,"size == ""2.0""","isEmpty == ""true""","peek_obj_type == ""emptyobject""","calledMethod == ""pop""","size_p == ""2""","isEmpty_p == ""True""","peek_obj_type_p == ""class java.lang.String""","calledMethod_p == ""pop""",0,,0,,0,
99,2195,"size == ""7.0""","isEmpty == ""false""","peek_obj_type == ""class experiment.drivers.alejastacktestdriver""","calledMethod == ""push""","size_p == ""6""","isEmpty_p == ""False""","peek_obj_type_p == ""class experiment.drivers.AlejaStackTestDriver""","calledMethod_p == ""push""",0,,0,,0,
100,2196,"size == ""0.0""","isEmpty == ""true""","peek_obj_type == ""emptyobject""","calledMethod == ""CTOR""","size_p == ""7""","isEmpty_p == ""False""","peek_obj_type_p == ""class experiment.drivers.AlejaStackTestDriver""","calledMethod_p == ""push""",0,,0,,0,
101,2319,"size == ""3.0""","isEmpty == ""false""","peek_obj_type == ""class java.lang.float""","calledMethod == ""pop""","size_p == ""4""","isEmpty_p == ""False""","peek_obj_type_p == ""class java.lang.Class""","calledMethod_p == ""push""",0,,0,,0,
102,2320,"size == ""0.0""","isEmpty == ""true""","peek_obj_type == ""emptyobject""","calledMethod == ""clear""","size_p == ""3""","isEmpty_p == ""False""","peek_obj_type_p == ""class java.lang.Float""","calledMethod_p == ""pop""",0,,0,,0,
103,2527,"size == ""0.0""","isEmpty == ""true""","peek_obj_type == ""emptyobject""","calledMethod == ""CTOR""","size_p == ""1""","isEmpty_p == ""False""","peek_obj_type_p == ""class java.lang.Short""","calledMethod_p == ""push""",0,,0,,0,
104,2547,"size == ""5.0""","isEmpty == ""false""","peek_obj_type == ""class java.lang.short""","calledMethod == ""push""","size_p == ""4""","isEmpty_p == ""False""","peek_obj_type_p == ""class experiment.drivers.AlejaStackTestDriver""","calledMethod_p == ""push""",0,,0,,0,
105,2548,"size == ""4.0""","isEmpty == ""false""","peek_obj_type == ""class experiment.drivers.alejastacktestdriver""","calledMethod == ""pop""","size_p == ""5""","isEmpty_p == ""False""","peek_obj_type_p == ""class java.lang.Short""","calledMethod_p == ""push""",0,,0,,0,
106,2549,"size == ""5.0""","isEmpty == ""false""","peek_obj_type == ""class experiment.drivers.alejastacktestdriver""","calledMethod == ""push""","size_p == ""4""","isEmpty_p == ""False""","peek_obj_type_p == ""class experiment.drivers.AlejaStackTestDriver""","calledMethod_p == ""pop""",0,,0,,0,
107,2550,"size == ""4.0""","isEmpty == ""false""","peek_obj_type == ""class experiment.drivers.alejastacktestdriver""","calledMethod == ""pop""","size_p == ""5""","isEmpty_p == ""False""","peek_obj_type_p == ""class experiment.drivers.AlejaStackTestDriver""","calledMethod_p == ""push""",0,,0,,0,
108,2551,"size == ""0.0""","isEmpty == ""true""","peek_obj_type == ""emptyobject""","calledMethod == ""CTOR""","size_p == ""4""","isEmpty_p == ""False""","peek_obj_type_p == ""class experiment.drivers.AlejaStackTestDriver""","calledMethod_p == ""pop""",0,,0,,0,
109,2793,"size == ""4.0""","isEmpty == ""false""","peek_obj_type == ""class java.lang.class""","calledMethod == ""pop""","size_p == ""5""","isEmpty_p == ""False""","peek_obj_type_p == ""class experiment.drivers.AlejaStackTestDriver""","calledMethod_p == ""push""",0,,0,,0,
110,2794,"size == ""0.0""","isEmpty == ""true""","peek_obj_type == ""emptyobject""","calledMethod == ""clear""","size_p == ""4""","isEmpty_p == ""False""","peek_obj_type_p == ""class java.lang.Class""","calledMethod_p == ""pop""",0,,0,,0,
111,3226,"size == ""3.0""","isEmpty == ""false""","peek_obj_type == ""class java.lang.character""","calledMethod == ""push""","size_p == ""2""","isEmpty_p == ""True""","peek_obj_type_p == ""class java.lang.String""","calledMethod_p == ""push""",0,,0,,0,
112,3227,"size == ""0.0""","isEmpty == ""true""","peek_obj_type == ""emptyobject""","calledMethod == ""clear""","size_p == ""3""","isEmpty_p == ""False""","peek_obj_type_p == ""class java.lang.Character""","calledMethod_p == ""push""",0,,0,,0,
113,3330,"size == ""0.0""","isEmpty == ""true""","peek_obj_type == ""emptyobject""","calledMethod == ""CTOR""","size_p == ""1""","isEmpty_p == ""False""","peek_obj_type_p == ""class java.lang.Double""","calledMethod_p == ""push""",0,,0,,0,
114,3414,"size == ""0.0""","isEmpty == ""true""","peek_obj_type == ""emptyobject""","calledMethod == ""pop""","size_p == ""1""","isEmpty_p == ""False""","peek_obj_type_p == ""class java.lang.Character""","calledMethod_p == ""push""",0,,0,,0,
115,3464,"size == ""4.0""","isEmpty == ""false""","peek_obj_type == ""class java.lang.double""","calledMethod == ""pop""","size_p == ""5""","isEmpty_p == ""False""","peek_obj_type_p == ""class experiment.drivers.AlejaStackTestDriver""","calledMethod_p == ""push""",0,,0,,0,
116,3465,"size == ""0.0""","isEmpty == ""true""","peek_obj_type == ""emptyobject""","calledMethod == ""clear""","size_p == ""4""","isEmpty_p == ""False""","peek_obj_type_p == ""class java.lang.Double""","calledMethod_p == ""pop""",0,,0,,0,
117,4095,"size == ""3.0""","isEmpty == ""false""","peek_obj_type == ""class java.lang.class""","calledMethod == ""pop""","size_p == ""4""","isEmpty_p == ""False""","peek_obj_type_p == ""class experiment.drivers.AlejaStackTestDriver""","calledMethod_p == ""pop""",0,,0,,0,
118,4096,"size == ""4.0""","isEmpty == ""false""","peek_obj_type == ""class experiment.drivers.alejastacktestdriver""","calledMethod == ""push""","size_p == ""3""","isEmpty_p == ""False""","peek_obj_type_p == ""class java.lang.Class""","calledMethod_p == ""pop""",0,,0,,0,
119,4275,"size == ""4.0""","isEmpty == ""false""","peek_obj_type == ""class experiment.drivers.alejastacktestdriver""","calledMethod == ""push""","size_p == ""3""","isEmpty_p == ""False""","peek_obj_type_p == ""class experiment.drivers.AlejaStackTestDriver""","calledMethod_p == ""push""",0,,0,,0,
120,4276,"size == ""0.0""","isEmpty == ""true""","peek_obj_type == ""emptyobject""","calledMethod == ""clear""","size_p == ""4""","isEmpty_p == ""False""","peek_obj_type_p == ""class experiment.drivers.AlejaStackTestDriver""","calledMethod_p == ""push""",0,,0,,0,
121,4354,"size == ""4.0""","isEmpty == ""false""","peek_obj_type == ""class experiment.drivers.alejastacktestdriver""","calledMethod == ""push""","size_p == ""3""","isEmpty_p == ""False""","peek_obj_type_p == ""class java.lang.Float""","calledMethod_p == ""push""",0,,0,,0,
122,4356,"size == ""0.0""","isEmpty == ""true""","peek_obj_type == ""emptyobject""","calledMethod == ""clear""","size_p == ""5""","isEmpty_p == ""False""","peek_obj_type_p == ""class java.lang.Class""","calledMethod_p == ""push""",0,,0,,0,
123,4412,"size == ""5.0""","isEmpty == ""false""","peek_obj_type == ""class experiment.drivers.alejastacktestdriver""","calledMethod == ""pop""","size_p == ""6""","isEmpty_p == ""False""","peek_obj_type_p == ""class experiment.drivers.AlejaStackTestDriver""","calledMethod_p == ""push""",0,,0,,0,
124,4413,"size == ""0.0""","isEmpty == ""true""","peek_obj_type == ""emptyobject""","calledMethod == ""CTOR""","size_p == ""5""","isEmpty_p == ""False""","peek_obj_type_p == ""class experiment.drivers.AlejaStackTestDriver""","calledMethod_p == ""pop""",0,,0,,0,
125,4569,"size == ""2.0""","isEmpty == ""true""","peek_obj_type == ""emptyobject""","calledMethod == ""push""","size_p == ""1""","isEmpty_p == ""False""","peek_obj_type_p == ""class java.lang.Double""","calledMethod_p == ""push""",0,,0,,0,
126,4578,"size == ""0.0""","isEmpty == ""true""","peek_obj_type == ""emptyobject""","calledMethod == ""clear""","size_p == ""5""","isEmpty_p == ""False""","peek_obj_type_p == ""class experiment.drivers.AlejaStackTestDriver""","calledMethod_p == ""push""",0,,0,,0,
127,4640,"size == ""2.0""","isEmpty == ""true""","peek_obj_type == ""emptyobject""","calledMethod == ""pop""","size_p == ""3""","isEmpty_p == ""False""","peek_obj_type_p == ""class java.lang.Float""","calledMethod_p == ""pop""",0,,0,,0,
128,4790,"size == ""3.0""","isEmpty == ""false""","peek_obj_type == ""class java.lang.float""","calledMethod == ""push""","size_p == ""2""","isEmpty_p == ""True""","peek_obj_type_p == ""class java.lang.String""","calledMethod_p == ""pop""",0,,0,,0,
129,5351,"size == ""0.0""","isEmpty == ""true""","peek_obj_type == ""emptyobject""","calledMethod == ""CTOR""","size_p == ""3""","isEmpty_p == ""False""","peek_obj_type_p == ""class java.lang.Float""","calledMethod_p == ""pop""",0,,0,,0,
130,5436,"size == ""3.0""","isEmpty == ""false""","peek_obj_type == ""class experiment.drivers.alejastacktestdriver""","calledMethod == ""pop""","size_p == ""4""","isEmpty_p == ""False""","peek_obj_type_p == ""class experiment.drivers.AlejaStackTestDriver""","calledMethod_p == ""push""",0,,0,,0,
131,5437,"size == ""0.0""","isEmpty == ""true""","peek_obj_type == ""emptyobject""","calledMethod == ""clear""","size_p == ""3""","isEmpty_p == ""False""","peek_obj_type_p == ""class experiment.drivers.AlejaStackTestDriver""","calledMethod_p == ""pop""",0,,0,,0,
132,5566,"size == ""4.0""","isEmpty == ""false""","peek_obj_type == ""class java.lang.class""","calledMethod == ""pop""","size_p == ""5""","isEmpty_p == ""False""","peek_obj_type_p == ""class experiment.drivers.AlejaStackTestDriver""","calledMethod_p == ""pop""",0,,0,,0,
133,5567,"size == ""3.0""","isEmpty == ""false""","peek_obj_type == ""class java.lang.float""","calledMethod == ""pop""","size_p == ""4""","isEmpty_p == ""False""","peek_obj_type_p == ""class java.lang.Class""","calledMethod_p == ""pop""",0,,0,,0,
134,5600,"size == ""5.0""","isEmpty == ""false""","peek_obj_type == ""class java.lang.class""","calledMethod == ""push""","size_p == ""4""","isEmpty_p == ""False""","peek_obj_type_p == ""class java.lang.Short""","calledMethod_p == ""push""",0,,0,,0,
135,5601,"size == ""4.0""","isEmpty == ""false""","peek_obj_type == ""class java.lang.short""","calledMethod == ""pop""","size_p == ""5""","isEmpty_p == ""False""","peek_obj_type_p == ""class java.lang.Class""","calledMethod_p == ""push""",0,,0,,0,
136,5602,"size == ""0.0""","isEmpty == ""true""","peek_obj_type == ""emptyobject""","calledMethod == ""clear""","size_p == ""4""","isEmpty_p == ""False""","peek_obj_type_p == ""class java.lang.Short""","calledMethod_p == ""pop""",0,,0,,0,
137,5662,"size == ""0.0""","isEmpty == ""true""","peek_obj_type == ""emptyobject""","calledMethod == ""clear""","size_p == ""7""","isEmpty_p == ""False""","peek_obj_type_p == ""class experiment.drivers.AlejaStackTestDriver""","calledMethod_p == ""push""",0,,0,,0,
138,6222,"size == ""0.0""","isEmpty == ""true""","peek_obj_type == ""emptyobject""","calledMethod == ""clear""","size_p == ""4""","isEmpty_p == ""False""","peek_obj_type_p == ""class java.lang.Long""","calledMethod_p == ""push""",0,,0,,0,
139,6282,"size == ""5.0""","isEmpty == ""false""","peek_obj_type == ""class experiment.drivers.alejastacktestdriver""","calledMethod == ""push""","size_p == ""4""","isEmpty_p == ""False""","peek_obj_type_p == ""class experiment.drivers.AlejaStackTestDriver""","calledMethod_p == ""push""",0,,0,,0,
140,6285,"size == ""0.0""","isEmpty == ""true""","peek_obj_type == ""emptyobject""","calledMethod == ""CTOR""","size_p == ""3""","isEmpty_p == ""False""","peek_obj_type_p == ""class java.lang.Class""","calledMethod_p == ""pop""",0,,0,,0,
141,6863,"size == ""0.0""","isEmpty == ""true""","peek_obj_type == ""emptyobject""","calledMethod == ""clear""","size_p == ""4""","isEmpty_p == ""False""","peek_obj_type_p == ""class experiment.drivers.AlejaStackTestDriver""","calledMethod_p == ""pop""",0,,0,,0,
142,6996,"size == ""3.0""","isEmpty == ""false""","peek_obj_type == ""class java.lang.integer""","calledMethod == ""push""","size_p == ""2""","isEmpty_p == ""True""","peek_obj_type_p == ""class java.lang.String""","calledMethod_p == ""push""",0,,0,,0,
143,6997,"size == ""0.0""","isEmpty == ""true""","peek_obj_type == ""emptyobject""","calledMethod == ""CTOR""","size_p == ""3""","isEmpty_p == ""False""","peek_obj_type_p == ""class java.lang.Integer""","calledMethod_p == ""push""",0,,0,,0,
144,7006,"size == ""1.0""","isEmpty == ""false""","peek_obj_type == ""class java.lang.integer""","calledMethod == ""push""","size_p == ""0""","isEmpty_p == ""True""","peek_obj_type_p == ""class java.lang.String""","calledMethod_p == ""pop""",0,,0,,0,
145,7007,"size == ""0.0""","isEmpty == ""true""","peek_obj_type == ""emptyobject""","calledMethod == ""CTOR""","size_p == ""1""","isEmpty_p == ""False""","peek_obj_type_p == ""class java.lang.Integer""","calledMethod_p == ""push""",0,,0,,0,
146,7021,"size == ""5.0""","isEmpty == ""false""","peek_obj_type == ""class java.lang.class""","calledMethod == ""push""","size_p == ""4""","isEmpty_p == ""False""","peek_obj_type_p == ""class java.lang.Class""","calledMethod_p == ""push""",0,,0,,0,
147,7059,"size == ""0.0""","isEmpty == ""true""","peek_obj_type == ""emptyobject""","calledMethod == ""pop""","size_p == ""1""","isEmpty_p == ""False""","peek_obj_type_p == ""class java.lang.Byte""","calledMethod_p == ""push""",0,,0,,0,
148,7071,"size == ""4.0""","isEmpty == ""false""","peek_obj_type == ""class java.lang.class""","calledMethod == ""push""","size_p == ""3""","isEmpty_p == ""False""","peek_obj_type_p == ""class java.lang.Class""","calledMethod_p == ""push""",0,,0,,0,
149,7222,"size == ""2.0""","isEmpty == ""true""","peek_obj_type == ""emptyobject""","calledMethod == ""pop""","size_p == ""3""","isEmpty_p == ""False""","peek_obj_type_p == ""class java.lang.Float""","calledMethod_p == ""push""",0,,0,,0,
150,7928,"size == ""0.0""","isEmpty == ""true""","peek_obj_type == ""emptyobject""","calledMethod == ""CTOR""","size_p == ""4""","isEmpty_p == ""False""","peek_obj_type_p == ""class java.lang.Double""","calledMethod_p == ""pop""",0,,0,,0,
151,8149,"size == ""0.0""","isEmpty == ""true""","peek_obj_type == ""emptyobject""","calledMethod == ""CTOR""","size_p == ""4""","isEmpty_p == ""False""","peek_obj_type_p == ""class java.lang.Short""","calledMethod_p == ""pop""",0,,0,,0,
152,8642,"size == ""4.0""","isEmpty == ""false""","peek_obj_type == ""class experiment.drivers.alejastacktestdriver""","calledMethod == ""push""","size_p == ""3""","isEmpty_p == ""False""","peek_obj_type_p == ""class java.lang.Long""","calledMethod_p == ""push""",0,,0,,0,
153,9235,"size == ""6.0""","isEmpty == ""false""","peek_obj_type == ""class experiment.drivers.alejastacktestdriver""","calledMethod == ""push""","size_p == ""5""","isEmpty_p == ""False""","peek_obj_type_p == ""class java.lang.Class""","calledMethod_p == ""push""",0,,0,,0,
154,9943,"size == ""3.0""","isEmpty == ""false""","peek_obj_type == ""class java.lang.class""","calledMethod == ""pop""","size_p == ""4""","isEmpty_p == ""False""","peek_obj_type_p == ""class java.lang.Class""","calledMethod_p == ""push""",0,,0,,0,
155,10445,"size == ""0.0""","isEmpty == ""true""","peek_obj_type == ""emptyobject""","calledMethod == ""clear""","size_p == ""5""","isEmpty_p == ""False""","peek_obj_type_p == ""class experiment.drivers.AlejaStackTestDriver""","calledMethod_p == ""pop""",0,,0,,0,
156,10675,"size == ""0.0""","isEmpty == ""true""","peek_obj_type == ""emptyobject""","calledMethod == ""clear""","size_p == ""1""","isEmpty_p == ""False""","peek_obj_type_p == ""class java.lang.Integer""","calledMethod_p == ""push""",0,,0,,0,
157,11431,"size == ""0.0""","isEmpty == ""true""","peek_obj_type == ""emptyobject""","calledMethod == ""clear""","size_p == ""6""","isEmpty_p == ""False""","peek_obj_type_p == ""class experiment.drivers.AlejaStackTestDriver""","calledMethod_p == ""push""",0,,0,,0,
158,11527,"size == ""3.0""","isEmpty == ""false""","peek_obj_type == ""class java.lang.long""","calledMethod == ""pop""","size_p == ""4""","isEmpty_p == ""False""","peek_obj_type_p == ""class java.lang.Short""","calledMethod_p == ""push""",0,,0,,0,
159,11528,"size == ""2.0""","isEmpty == ""true""","peek_obj_type == ""emptyobject""","calledMethod == ""pop""","size_p == ""3""","isEmpty_p == ""False""","peek_obj_type_p == ""class java.lang.Long""","calledMethod_p == ""pop""",0,,0,,0,
160,11548,"size == ""1.0""","isEmpty == ""false""","peek_obj_type == ""class java.lang.string""","calledMethod == ""push""","size_p == ""0""","isEmpty_p == ""True""","peek_obj_type_p == ""class java.lang.String""","calledMethod_p == ""clear""",0,,6,"['2', '3', '4', '5', '6', '7']",0,
161,11549,"size == ""2.0""","isEmpty == ""true""","peek_obj_type == ""emptyobject""","calledMethod == ""push""","size_p == ""1""","isEmpty_p == ""False""","peek_obj_type_p == ""class java.lang.String""","calledMethod_p == ""push""",0,,0,,0,
162,11892,"size == ""3.0""","isEmpty == ""false""","peek_obj_type == ""class java.lang.class""","calledMethod == ""pop""","size_p == ""4""","isEmpty_p == ""False""","peek_obj_type_p == ""class experiment.drivers.AlejaStackTestDriver""","calledMethod_p == ""push""",0,,0,,0,
163,12092,"size == ""0.0""","isEmpty == ""true""","peek_obj_type == ""emptyobject""","calledMethod == ""CTOR""","size_p == ""3""","isEmpty_p == ""False""","peek_obj_type_p == ""class java.lang.Boolean""","calledMethod_p == ""push""",0,,0,,0,
164,12097,"size == ""5.0""","isEmpty == ""false""","peek_obj_type == ""class java.lang.boolean""","calledMethod == ""push""","size_p == ""4""","isEmpty_p == ""False""","peek_obj_type_p == ""class java.lang.Class""","calledMethod_p == ""push""",0,,0,,0,
165,12098,"size == ""6.0""","isEmpty == ""false""","peek_obj_type == ""class experiment.drivers.alejastacktestdriver""","calledMethod == ""push""","size_p == ""5""","isEmpty_p == ""False""","peek_obj_type_p == ""class java.lang.Boolean""","calledMethod_p == ""push""",0,,0,,0,
166,12099,"size == ""7.0""","isEmpty == ""false""","peek_obj_type == ""class java.lang.class""","calledMethod == ""push""","size_p == ""6""","isEmpty_p == ""False""","peek_obj_type_p == ""class experiment.drivers.AlejaStackTestDriver""","calledMethod_p == ""push""",0,,0,,0,
167,12100,"size == ""0.0""","isEmpty == ""true""","peek_obj_type == ""emptyobject""","calledMethod == ""CTOR""","size_p == ""7""","isEmpty_p == ""False""","peek_obj_type_p == ""class java.lang.Class""","calledMethod_p == ""push""",0,,0,,0,
168,12839,"size == ""1.0""","isEmpty == ""false""","peek_obj_type == ""class java.lang.boolean""","calledMethod == ""push""","size_p == ""0""","isEmpty_p == ""True""","peek_obj_type_p == ""class java.lang.String""","calledMethod_p == ""clear""",0,,6,"['2', '3', '4', '5', '6', '7']",0,
169,12840,"size == ""0.0""","isEmpty == ""true""","peek_obj_type == ""emptyobject""","calledMethod == ""clear""","size_p == ""1""","isEmpty_p == ""False""","peek_obj_type_p == ""class java.lang.Boolean""","calledMethod_p == ""push""",0,,0,,0,
170,13226,"size == ""0.0""","isEmpty == ""true""","peek_obj_type == ""emptyobject""","calledMethod == ""clear""","size_p == ""3""","isEmpty_p == ""False""","peek_obj_type_p == ""class java.lang.Long""","calledMethod_p == ""pop""",0,,0,,0,
171,13735,"size == ""1.0""","isEmpty == ""false""","peek_obj_type == ""class experiment.drivers.alejastacktestdriver""","calledMethod == ""push""","size_p == ""0""","isEmpty_p == ""True""","peek_obj_type_p == ""class java.lang.String""","calledMethod_p == ""CTOR""",0,,6,"['0', '1', '8', '9', '10', '11']",0,
172,14604,"size == ""4.0""","isEmpty == ""false""","peek_obj_type == ""class experiment.drivers.alejastacktestdriver""","calledMethod == ""push""","size_p == ""3""","isEmpty_p == ""False""","peek_obj_type_p == ""class java.lang.Float""","calledMethod_p == ""pop""",0,,0,,0,
173,15387,"size == ""4.0""","isEmpty == ""false""","peek_obj_type == ""class java.lang.integer""","calledMethod == ""push""","size_p == ""3""","isEmpty_p == ""False""","peek_obj_type_p == ""class java.lang.Class""","calledMethod_p == ""push""",0,,0,,0,
174,15388,"size == ""0.0""","isEmpty == ""true""","peek_obj_type == ""emptyobject""","calledMethod == ""clear""","size_p == ""4""","isEmpty_p == ""False""","peek_obj_type_p == ""class java.lang.Integer""","calledMethod_p == ""push""",0,,0,,0,
175,15925,"size == ""0.0""","isEmpty == ""true""","peek_obj_type == ""emptyobject""","calledMethod == ""clear""","size_p == ""3""","isEmpty_p == ""False""","peek_obj_type_p == ""class java.lang.Class""","calledMethod_p == ""pop""",0,,0,,0,
176,16797,"size == ""4.0""","isEmpty == ""false""","peek_obj_type == ""class experiment.drivers.alejastacktestdriver""","calledMethod == ""pop""","size_p == ""5""","isEmpty_p == ""False""","peek_obj_type_p == ""class java.lang.Class""","calledMethod_p == ""push""",0,,0,,0,
177,17888,"size == ""1.0""","isEmpty == ""false""","peek_obj_type == ""class java.lang.object""","calledMethod == ""push""","size_p == ""0""","isEmpty_p == ""True""","peek_obj_type_p == ""class java.lang.String""","calledMethod_p == ""clear""",0,,6,"['2', '3', '4', '5', '6', '7']",0,
178,17889,"size == ""0.0""","isEmpty == ""true""","peek_obj_type == ""emptyobject""","calledMethod == ""clear""","size_p == ""1""","isEmpty_p == ""False""","peek_obj_type_p == ""class java.lang.Object""","calledMethod_p == ""push""",0,,0,,0,
179,17939,"size == ""3.0""","isEmpty == ""false""","peek_obj_type == ""class experiment.drivers.alejastacktestdriver""","calledMethod == ""pop""","size_p == ""4""","isEmpty_p == ""False""","peek_obj_type_p == ""class java.lang.Class""","calledMethod_p == ""push""",0,,0,,0,
180,18585,"size == ""0.0""","isEmpty == ""true""","peek_obj_type == ""emptyobject""","calledMethod == ""pop""","size_p == ""1""","isEmpty_p == ""False""","peek_obj_type_p == ""class java.lang.Boolean""","calledMethod_p == ""push""",0,,0,,0,
181,18761,"size == ""4.0""","isEmpty == ""false""","peek_obj_type == ""class experiment.drivers.alejastacktestdriver""","calledMethod == ""push""","size_p == ""3""","isEmpty_p == ""False""","peek_obj_type_p == ""class java.lang.Byte""","calledMethod_p == ""push""",0,,0,,0,
182,19006,"size == ""0.0""","isEmpty == ""true""","peek_obj_type == ""emptyobject""","calledMethod == ""CTOR""","size_p == ""3""","isEmpty_p == ""False""","peek_obj_type_p == ""class experiment.drivers.AlejaStackTestDriver""","calledMethod_p == ""pop""",0,,0,,0,
183,19271,"size == ""0.0""","isEmpty == ""true""","peek_obj_type == ""emptyobject""","calledMethod == ""CTOR""","size_p == ""4""","isEmpty_p == ""False""","peek_obj_type_p == ""class java.lang.Double""","calledMethod_p == ""push""",0,,0,,0,
184,21204,"size == ""5.0""","isEmpty == ""false""","peek_obj_type == ""class experiment.drivers.alejastacktestdriver""","calledMethod == ""push""","size_p == ""4""","isEmpty_p == ""False""","peek_obj_type_p == ""class java.lang.Long""","calledMethod_p == ""push""",0,,0,,0,
185,22176,"size == ""3.0""","isEmpty == ""false""","peek_obj_type == ""class java.lang.float""","calledMethod == ""pop""","size_p == ""4""","isEmpty_p == ""False""","peek_obj_type_p == ""class experiment.drivers.AlejaStackTestDriver""","calledMethod_p == ""push""",0,,0,,0,
186,25052,"size == ""3.0""","isEmpty == ""false""","peek_obj_type == ""class java.lang.long""","calledMethod == ""pop""","size_p == ""4""","isEmpty_p == ""False""","peek_obj_type_p == ""class java.lang.Short""","calledMethod_p == ""pop""",0,,0,,0,
187,25053,"size == ""0.0""","isEmpty == ""true""","peek_obj_type == ""emptyobject""","calledMethod == ""CTOR""","size_p == ""3""","isEmpty_p == ""False""","peek_obj_type_p == ""class java.lang.Long""","calledMethod_p == ""pop""",0,,0,,0,
188,25670,"size == ""3.0""","isEmpty == ""false""","peek_obj_type == ""class java.lang.long""","calledMethod == ""pop""","size_p == ""4""","isEmpty_p == ""False""","peek_obj_type_p == ""class java.lang.Long""","calledMethod_p == ""push""",0,,0,,0,
189,25793,"size == ""4.0""","isEmpty == ""false""","peek_obj_type == ""class java.lang.class""","calledMethod == ""push""","size_p == ""3""","isEmpty_p == ""False""","peek_obj_type_p == ""class java.lang.Long""","calledMethod_p == ""push""",0,,0,,0,
190,25794,"size == ""3.0""","isEmpty == ""false""","peek_obj_type == ""class java.lang.long""","calledMethod == ""pop""","size_p == ""4""","isEmpty_p == ""False""","peek_obj_type_p == ""class java.lang.Class""","calledMethod_p == ""push""",0,,0,,0,
191,26742,"size == ""4.0""","isEmpty == ""false""","peek_obj_type == ""class java.lang.double""","calledMethod == ""push""","size_p == ""3""","isEmpty_p == ""False""","peek_obj_type_p == ""class java.lang.Class""","calledMethod_p == ""push""",0,,0,,0,
192,27002,"size == ""8.0""","isEmpty == ""false""","peek_obj_type == ""class java.lang.character""","calledMethod == ""push""","size_p == ""7""","isEmpty_p == ""False""","peek_obj_type_p == ""class experiment.drivers.AlejaStackTestDriver""","calledMethod_p == ""push""",0,,0,,0,
193,27003,"size == ""7.0""","isEmpty == ""false""","peek_obj_type == ""class experiment.drivers.alejastacktestdriver""","calledMethod == ""pop""","size_p == ""8""","isEmpty_p == ""False""","peek_obj_type_p == ""class java.lang.Character""","calledMethod_p == ""push""",0,,0,,0,
194,27004,"size == ""0.0""","isEmpty == ""true""","peek_obj_type == ""emptyobject""","calledMethod == ""CTOR""","size_p == ""7""","isEmpty_p == ""False""","peek_obj_type_p == ""class experiment.drivers.AlejaStackTestDriver""","calledMethod_p == ""pop""",0,,0,,0,
195,27778,"size == ""3.0""","isEmpty == ""false""","peek_obj_type == ""class java.lang.double""","calledMethod == ""push""","size_p == ""2""","isEmpty_p == ""True""","peek_obj_type_p == ""class java.lang.String""","calledMethod_p == ""push""",0,,0,,0,
196,27779,"size == ""0.0""","isEmpty == ""true""","peek_obj_type == ""emptyobject""","calledMethod == ""clear""","size_p == ""3""","isEmpty_p == ""False""","peek_obj_type_p == ""class java.lang.Double""","calledMethod_p == ""push""",0,,0,,0,
197,28298,"size == ""3.0""","isEmpty == ""false""","peek_obj_type == ""class java.lang.short""","calledMethod == ""push""","size_p == ""2""","isEmpty_p == ""True""","peek_obj_type_p == ""class java.lang.String""","calledMethod_p == ""push""",0,,0,,0,
198,28299,"size == ""2.0""","isEmpty == ""true""","peek_obj_type == ""emptyobject""","calledMethod == ""pop""","size_p == ""3""","isEmpty_p == ""False""","peek_obj_type_p == ""class java.lang.Short""","calledMethod_p == ""push""",0,,0,,0,
199,28319,"size == ""0.0""","isEmpty == ""true""","peek_obj_type == ""emptyobject""","calledMethod == ""CTOR""","size_p == ""5""","isEmpty_p == ""False""","peek_obj_type_p == ""class java.lang.Short""","calledMethod_p == ""push""",0,,0,,0,
200,29484,"size == ""0.0""","isEmpty == ""true""","peek_obj_type == ""emptyobject""","calledMethod == ""CTOR""","size_p == ""4""","isEmpty_p == ""False""","peek_obj_type_p == ""class java.lang.Class""","calledMethod_p == ""pop""",0,,0,,0,
201,29785,"size == ""6.0""","isEmpty == ""false""","peek_obj_type == ""class experiment.drivers.alejastacktestdriver""","calledMethod == ""pop""","size_p == ""7""","isEmpty_p == ""False""","peek_obj_type_p == ""class experiment.drivers.AlejaStackTestDriver""","calledMethod_p == ""push""",0,,0,,0,
202,29786,"size == ""0.0""","isEmpty == ""true""","peek_obj_type == ""emptyobject""","calledMethod == ""CTOR""","size_p == ""6""","isEmpty_p == ""False""","peek_obj_type_p == ""class experiment.drivers.AlejaStackTestDriver""","calledMethod_p == ""pop""",0,,0,,0,
203,31115,"size == ""4.0""","isEmpty == ""false""","peek_obj_type == ""class java.lang.long""","calledMethod == ""push""","size_p == ""3""","isEmpty_p == ""False""","peek_obj_type_p == ""class java.lang.Boolean""","calledMethod_p == ""push""",0,,0,,0,
204,32897,"size == ""2.0""","isEmpty == ""true""","peek_obj_type == ""emptyobject""","calledMethod == ""pop""","size_p == ""3""","isEmpty_p == ""False""","peek_obj_type_p == ""class java.lang.Character""","calledMethod_p == ""push""",0,,0,,0,
205,33054,"size == ""2.0""","isEmpty == ""true""","peek_obj_type == ""emptyobject""","calledMethod == ""pop""","size_p == ""3""","isEmpty_p == ""False""","peek_obj_type_p == ""class java.lang.Class""","calledMethod_p == ""pop""",0,,0,,0,
206,33452,"size == ""6.0""","isEmpty == ""false""","peek_obj_type == ""class experiment.drivers.alejastacktestdriver""","calledMethod == ""push""","size_p == ""5""","isEmpty_p == ""False""","peek_obj_type_p == ""class java.lang.Short""","calledMethod_p == ""push""",0,,0,,0,
207,33680,"size == ""4.0""","isEmpty == ""false""","peek_obj_type == ""class java.lang.class""","calledMethod == ""push""","size_p == ""3""","isEmpty_p == ""False""","peek_obj_type_p == ""class java.lang.Boolean""","calledMethod_p == ""push""",0,,0,,0,
208,34057,"size == ""0.0""","isEmpty == ""true""","peek_obj_type == ""emptyobject""","calledMethod == ""clear""","size_p == ""5""","isEmpty_p == ""False""","peek_obj_type_p == ""class java.lang.Boolean""","calledMethod_p == ""push""",0,,0,,0,
209,34637,"size == ""4.0""","isEmpty == ""false""","peek_obj_type == ""class java.lang.long""","calledMethod == ""push""","size_p == ""3""","isEmpty_p == ""False""","peek_obj_type_p == ""class java.lang.Class""","calledMethod_p == ""push""",0,,0,,0,
210,37525,"size == ""0.0""","isEmpty == ""true""","peek_obj_type == ""emptyobject""","calledMethod == ""clear""","size_p == ""3""","isEmpty_p == ""False""","peek_obj_type_p == ""class java.lang.Short""","calledMethod_p == ""push""",0,,0,,0,
211,38454,"size == ""4.0""","isEmpty == ""false""","peek_obj_type == ""class java.lang.long""","calledMethod == ""push""","size_p == ""3""","isEmpty_p == ""False""","peek_obj_type_p == ""class experiment.drivers.AlejaStackTestDriver""","calledMethod_p == ""push""",0,,0,,0,
212,38455,"size == ""3.0""","isEmpty == ""false""","peek_obj_type == ""class experiment.drivers.alejastacktestdriver""","calledMethod == ""pop""","size_p == ""4""","isEmpty_p == ""False""","peek_obj_type_p == ""class java.lang.Long""","calledMethod_p == ""push""",0,,0,,0,
213,38544,"size == ""2.0""","isEmpty == ""true""","peek_obj_type == ""emptyobject""","calledMethod == ""push""","size_p == ""1""","isEmpty_p == ""False""","peek_obj_type_p == ""class java.lang.Character""","calledMethod_p == ""push""",0,,0,,0,
214,38839,"size == ""3.0""","isEmpty == ""false""","peek_obj_type == ""class java.lang.integer""","calledMethod == ""push""","size_p == ""2""","isEmpty_p == ""True""","peek_obj_type_p == ""class java.lang.String""","calledMethod_p == ""pop""",0,,0,,0,
215,40825,"size == ""4.0""","isEmpty == ""false""","peek_obj_type == ""class java.lang.float""","calledMethod == ""push""","size_p == ""3""","isEmpty_p == ""False""","peek_obj_type_p == ""class java.lang.Float""","calledMethod_p == ""pop""",0,,0,,0,
216,40826,"size == ""0.0""","isEmpty == ""true""","peek_obj_type == ""emptyobject""","calledMethod == ""CTOR""","size_p == ""4""","isEmpty_p == ""False""","peek_obj_type_p == ""class java.lang.Float""","calledMethod_p == ""push""",0,,0,,0,
217,41055,"size == ""3.0""","isEmpty == ""false""","peek_obj_type == ""class java.lang.float""","calledMethod == ""pop""","size_p == ""4""","isEmpty_p == ""False""","peek_obj_type_p == ""class java.lang.Float""","calledMethod_p == ""push""",0,,0,,0,
218,41736,"size == ""5.0""","isEmpty == ""false""","peek_obj_type == ""class java.lang.boolean""","calledMethod == ""pop""","size_p == ""6""","isEmpty_p == ""False""","peek_obj_type_p == ""class experiment.drivers.AlejaStackTestDriver""","calledMethod_p == ""push""",0,,0,,0,
219,41737,"size == ""0.0""","isEmpty == ""true""","peek_obj_type == ""emptyobject""","calledMethod == ""CTOR""","size_p == ""5""","isEmpty_p == ""False""","peek_obj_type_p == ""class java.lang.Boolean""","calledMethod_p == ""pop""",0,,0,,0,
220,42893,"size == ""4.0""","isEmpty == ""false""","peek_obj_type == ""class java.lang.class""","calledMethod == ""pop""","size_p == ""5""","isEmpty_p == ""False""","peek_obj_type_p == ""class java.lang.Boolean""","calledMethod_p == ""pop""",0,,0,,0,
221,43774,"size == ""2.0""","isEmpty == ""true""","peek_obj_type == ""emptyobject""","calledMethod == ""pop""","size_p == ""3""","isEmpty_p == ""False""","peek_obj_type_p == ""class experiment.drivers.AlejaStackTestDriver""","calledMethod_p == ""pop""",0,,0,,0,
222,44005,"size == ""4.0""","isEmpty == ""false""","peek_obj_type == ""class java.lang.long""","calledMethod == ""pop""","size_p == ""5""","isEmpty_p == ""False""","peek_obj_type_p == ""class experiment.drivers.AlejaStackTestDriver""","calledMethod_p == ""push""",0,,0,,0,
223,44006,"size == ""0.0""","isEmpty == ""true""","peek_obj_type == ""emptyobject""","calledMethod == ""CTOR""","size_p == ""4""","isEmpty_p == ""False""","peek_obj_type_p == ""class java.lang.Long""","calledMethod_p == ""pop""",0,,0,,0,
224,44614,"size == ""3.0""","isEmpty == ""false""","peek_obj_type == ""class experiment.drivers.alejastacktestdriver""","calledMethod == ""pop""","size_p == ""4""","isEmpty_p == ""False""","peek_obj_type_p == ""class java.lang.Double""","calledMethod_p == ""push""",0,,0,,0,
225,44636,"size == ""0.0""","isEmpty == ""true""","peek_obj_type == ""emptyobject""","calledMethod == ""CTOR""","size_p == ""3""","isEmpty_p == ""False""","peek_obj_type_p == ""class java.lang.Double""","calledMethod_p == ""push""",0,,0,,0,
226,46726,"size == ""0.0""","isEmpty == ""true""","peek_obj_type == ""emptyobject""","calledMethod == ""CTOR""","size_p == ""1""","isEmpty_p == ""False""","peek_obj_type_p == ""class java.lang.Object""","calledMethod_p == ""push""",0,,0,,0,
227,48300,"size == ""0.0""","isEmpty == ""true""","peek_obj_type == ""emptyobject""","calledMethod == ""clear""","size_p == ""8""","isEmpty_p == ""False""","peek_obj_type_p == ""class java.lang.Character""","calledMethod_p == ""push""",0,,0,,0,
228,52940,"size == ""4.0""","isEmpty == ""false""","peek_obj_type == ""class java.lang.string""","calledMethod == ""push""","size_p == ""3""","isEmpty_p == ""False""","peek_obj_type_p == ""class java.lang.Class""","calledMethod_p == ""push""",0,,0,,0,
229,52941,"size == ""0.0""","isEmpty == ""true""","peek_obj_type == ""emptyobject""","calledMethod == ""CTOR""","size_p == ""4""","isEmpty_p == ""False""","peek_obj_type_p == ""class java.lang.String""","calledMethod_p == ""push""",0,,0,,0,
230,54780,"size == ""0.0""","isEmpty == ""true""","peek_obj_type == ""emptyobject""","calledMethod == ""CTOR""","size_p == ""3""","isEmpty_p == ""False""","peek_obj_type_p == ""class java.lang.Float""","calledMethod_p == ""push""",0,,0,,0,
231,57443,"size == ""3.0""","isEmpty == ""false""","peek_obj_type == ""class java.lang.short""","calledMethod == ""push""","size_p == ""2""","isEmpty_p == ""True""","peek_obj_type_p == ""class java.lang.String""","calledMethod_p == ""pop""",0,,0,,0,
232,57444,"size == ""0.0""","isEmpty == ""true""","peek_obj_type == ""emptyobject""","calledMethod == ""CTOR""","size_p == ""3""","isEmpty_p == ""False""","peek_obj_type_p == ""class java.lang.Short""","calledMethod_p == ""push""",0,,0,,0,
233,60225,"size == ""0.0""","isEmpty == ""true""","peek_obj_type == ""emptyobject""","calledMethod == ""clear""","size_p == ""5""","isEmpty_p == ""False""","peek_obj_type_p == ""class java.lang.Short""","calledMethod_p == ""push""",0,,0,,0,
234,62709,"size == ""0.0""","isEmpty == ""true""","peek_obj_type == ""emptyobject""","calledMethod == ""CTOR""","size_p == ""1""","isEmpty_p == ""False""","peek_obj_type_p == ""class java.lang.Boolean""","calledMethod_p == ""push""",0,,0,,0,
235,64629,"size == ""3.0""","isEmpty == ""false""","peek_obj_type == ""class java.lang.float""","calledMethod == ""pop""","size_p == ""4""","isEmpty_p == ""False""","peek_obj_type_p == ""class experiment.drivers.AlejaStackTestDriver""","calledMethod_p == ""pop""",0,,0,,0,
236,65215,"size == ""6.0""","isEmpty == ""false""","peek_obj_type == ""class java.lang.class""","calledMethod == ""push""","size_p == ""5""","isEmpty_p == ""False""","peek_obj_type_p == ""class experiment.drivers.AlejaStackTestDriver""","calledMethod_p == ""push""",0,,0,,0,
237,65216,"size == ""5.0""","isEmpty == ""false""","peek_obj_type == ""class experiment.drivers.alejastacktestdriver""","calledMethod == ""pop""","size_p == ""6""","isEmpty_p == ""False""","peek_obj_type_p == ""class java.lang.Class""","calledMethod_p == ""push""",0,,0,,0,
238,65714,"size == ""0.0""","isEmpty == ""true""","peek_obj_type == ""emptyobject""","calledMethod == ""CTOR""","size_p == ""4""","isEmpty_p == ""False""","peek_obj_type_p == ""class java.lang.Short""","calledMethod_p == ""push""",0,,0,,0,
239,67818,"size == ""3.0""","isEmpty == ""false""","peek_obj_type == ""class experiment.drivers.alejastacktestdriver""","calledMethod == ""pop""","size_p == ""4""","isEmpty_p == ""False""","peek_obj_type_p == ""class java.lang.Double""","calledMethod_p == ""pop""",0,,0,,0,
240,69209,"size == ""0.0""","isEmpty == ""true""","peek_obj_type == ""emptyobject""","calledMethod == ""clear""","size_p == ""6""","isEmpty_p == ""False""","peek_obj_type_p == ""class experiment.drivers.AlejaStackTestDriver""","calledMethod_p == ""pop""",0,,0,,0,
241,70152,"size == ""4.0""","isEmpty == ""false""","peek_obj_type == ""class experiment.drivers.alejastacktestdriver""","calledMethod == ""push""","size_p == ""3""","isEmpty_p == ""False""","peek_obj_type_p == ""class java.lang.Double""","calledMethod_p == ""push""",0,,0,,0,
242,70396,"size == ""0.0""","isEmpty == ""true""","peek_obj_type == ""emptyobject""","calledMethod == ""CTOR""","size_p == ""6""","isEmpty_p == ""False""","peek_obj_type_p == ""class java.lang.Class""","calledMethod_p == ""push""",0,,0,,0,
243,73355,"size == ""4.0""","isEmpty == ""false""","peek_obj_type == ""class java.lang.byte""","calledMethod == ""push""","size_p == ""3""","isEmpty_p == ""False""","peek_obj_type_p == ""class experiment.drivers.AlejaStackTestDriver""","calledMethod_p == ""push""",0,,0,,0,
244,73356,"size == ""0.0""","isEmpty == ""true""","peek_obj_type == ""emptyobject""","calledMethod == ""CTOR""","size_p == ""4""","isEmpty_p == ""False""","peek_obj_type_p == ""class java.lang.Byte""","calledMethod_p == ""push""",0,,0,,0,
245,77321,"size == ""5.0""","isEmpty == ""false""","peek_obj_type == ""class java.lang.float""","calledMethod == ""push""","size_p == ""4""","isEmpty_p == ""False""","peek_obj_type_p == ""class experiment.drivers.AlejaStackTestDriver""","calledMethod_p == ""push""",0,,0,,0,
246,77322,"size == ""0.0""","isEmpty == ""true""","peek_obj_type == ""emptyobject""","calledMethod == ""CTOR""","size_p == ""5""","isEmpty_p == ""False""","peek_obj_type_p == ""class java.lang.Float""","calledMethod_p == ""push""",0,,0,,0,
247,81758,"size == ""0.0""","isEmpty == ""true""","peek_obj_type == ""emptyobject""","calledMethod == ""pop""","size_p == ""0""","isEmpty_p == ""True""","peek_obj_type_p == ""class java.lang.String""","calledMethod_p == ""CTOR""",0,,0,,0,
248,82091,"size == ""0.0""","isEmpty == ""true""","peek_obj_type == ""emptyobject""","calledMethod == ""CTOR""","size_p == ""3""","isEmpty_p == ""False""","peek_obj_type_p == ""class java.lang.Byte""","calledMethod_p == ""push""",0,,0,,0,
